,prop_type,list_date,last_update,prop_status,year_built,address.city,address.county,address.postal_code,address.lat,address.lon,community.price_min
0,condo,2021-02-15T14:43:00.000Z,2021-02-15T14:55:14.73Z,for_rent,,Hawthorne,Los Angeles,90250,33.915979,-118.374959,4400
1,single_family,2021-02-15T16:43:00.000Z,2021-02-15T16:55:13.13Z,for_rent,,Long Beach,Los Angeles,90802,33.766265,-118.171427,3000
2,condo,2021-02-15T16:43:00.000Z,2021-02-15T16:55:13.13Z,for_rent,,Los Angeles,Los Angeles,90035,34.060528,-118.380012,3495
3,single_family,2021-01-18T16:43:00.000Z,2021-02-15T14:55:14.73Z,for_rent,,Santa Monica,Los Angeles,90405,34.010947,-118.465836,2100
4,single_family,2021-02-15T14:43:00.000Z,2021-02-15T14:55:14.73Z,for_rent,,Beverly Hills,Los Angeles,90210,34.070292,-118.408719,36000
5,condo,2021-02-08T22:43:00.000Z,2021-02-15T02:55:15.37Z,for_rent,,Torrance,Los Angeles,90502,33.812395,-118.288633,1880
6,single_family,2021-02-15T14:43:00.000Z,2021-02-15T14:55:14.73Z,for_rent,,Los Angeles,Los Angeles,90018,34.018537,-118.304914,2500
7,condo,2021-02-15T14:43:00.000Z,2021-02-15T14:55:14.73Z,for_rent,,Los Angeles,Los Angeles,90024,34.06117,-118.436149,5200
8,condo,2021-02-15T14:43:00.000Z,2021-02-15T16:55:13.13Z,for_rent,,Redondo Beach,Los Angeles,90277,33.831316,-118.376614,3100
9,condo,2021-01-26T16:43:00.000Z,2021-01-26T22:55:12.963Z,for_rent,,San Diego,San Diego,92131,32.918817,-117.112529,2200
10,condo,2021-02-13T14:43:00.000Z,2021-02-13T16:55:13.253Z,for_rent,,Los Angeles,Los Angeles,90026,34.074134,-118.257211,2995
11,single_family,2021-01-18T20:43:00.000Z,2021-02-11T16:55:13.26Z,for_rent,,Los Angeles,Los Angeles,90045,33.961567,-118.388074,4495
12,single_family,2021-01-29T16:43:00.000Z,2021-01-30T14:55:15.153Z,for_rent,,Venice,Los Angeles,90291,33.999291,-118.475991,8780
13,single_family,2021-02-13T16:43:00.000Z,2021-02-13T16:55:13.253Z,for_rent,,San Jose,Santa Clara,95125,37.294132,-121.879809,4800
14,single_family,2021-01-18T22:43:00.000Z,2021-01-25T22:55:12.673Z,for_rent,,Los Angeles,Los Angeles,90048,34.070691,-118.369656,4375
15,condo,2021-02-05T16:43:00.000Z,2021-02-05T18:55:13.453Z,for_rent,,Los Angeles,Los Angeles,90012,34.047995,-118.237513,1750
16,single_family,2021-01-25T14:43:00.000Z,2021-02-14T22:55:13.477Z,for_rent,,San Francisco,San Francisco,94112,37.727174,-122.423907,4990
17,single_family,2021-02-03T02:43:00.000Z,2021-02-11T22:55:14.387Z,for_rent,,Sherman Oaks,Los Angeles,91403,34.158231,-118.462607,3950
18,condo,2020-12-12T14:43:00.000Z,2021-01-24T20:55:14.317Z,for_rent,,Santa Monica,Los Angeles,90404,34.033566,-118.468612,4480
19,condo,2021-02-03T02:43:00.000Z,2021-02-09T16:55:13.653Z,for_rent,,Los Angeles,Los Angeles,90025,34.046934,-118.462711,3950
20,condo,2021-01-26T20:43:00.000Z,2021-02-14T22:55:13.477Z,for_rent,,Los Angeles,Los Angeles,90013,34.040696,-118.234525,3800
21,condo,2021-02-11T22:43:00.000Z,2021-02-11T22:55:14.387Z,for_rent,,Reseda,Los Angeles,91335,34.189707,-118.536676,2095
22,condo,2021-02-02T22:43:00.000Z,2021-02-11T14:55:14.24Z,for_rent,,West Hollywood,Los Angeles,90069,34.09213,-118.376709,4500
23,single_family,2021-02-10T20:43:00.000Z,2021-02-10T20:55:13.45Z,for_rent,,Los Angeles,Los Angeles,90046,34.085133,-118.347046,6900
24,condo,2021-02-12T14:43:00.000Z,2021-02-12T14:55:14.733Z,for_rent,,Buena Park,Orange,90621,33.876182,-118.003024,2495
25,condo,2021-01-28T16:43:00.000Z,2021-02-07T20:55:12.717Z,for_rent,,Santa Monica,Los Angeles,90404,34.035577,-118.469119,2650
26,condo,2021-01-21T16:43:00.000Z,2021-01-28T16:55:13.313Z,for_rent,,San Francisco,San Francisco,94105,37.789375,-122.390971,3600
27,single_family,2021-01-20T14:43:00.000Z,2021-01-26T04:55:12.877Z,for_rent,,Van Nuys,Los Angeles,91401,34.190502,-118.423823,7500
28,single_family,2021-02-13T22:43:00.000Z,2021-02-13T22:55:12.933Z,for_rent,,Playa Del Rey,Los Angeles,90293,33.960361,-118.431942,6780
29,condo,2020-11-12T20:43:00.000Z,2021-02-11T14:55:14.24Z,for_rent,,Los Angeles,Los Angeles,90026,34.078833,-118.268475,3600
30,single_family,2021-01-18T14:43:00.000Z,2021-01-31T22:55:13.1Z,for_rent,,Visalia,Tulare,93292,36.328486,-119.255144,2350
31,single_family,2020-08-31T15:45:00.000Z,2021-01-29T20:55:12.593Z,for_rent,,Rancho Mirage,Riverside,92270,33.766516,-116.404594,4999
32,condo,2021-02-12T14:43:00.000Z,2021-02-12T14:55:14.733Z,for_rent,,Culver City,Los Angeles,90230,33.985737,-118.382537,2795
33,condo,2021-01-26T20:43:00.000Z,2021-01-31T20:55:12.323Z,for_rent,,Venice,Los Angeles,90291,33.996207,-118.481592,15950
34,condo,2021-01-09T14:43:00.000Z,2021-02-11T16:55:13.26Z,for_rent,,Los Angeles,Los Angeles,90019,34.042608,-118.344682,5500
35,condo,2021-02-02T20:43:00.000Z,2021-02-14T22:55:13.477Z,for_rent,,Los Angeles,Los Angeles,90046,34.102806,-118.349428,3300
36,single_family,2020-09-15T08:27:00.000Z,2021-02-14T16:55:13.243Z,for_rent,,West Hollywood,Los Angeles,90046,34.088846,-118.35474,4645
37,condo,2021-02-13T20:43:00.000Z,2021-02-13T22:55:12.933Z,for_rent,,East Palo Alto,San Mateo,94303,37.456608,-122.136348,2795
38,single_family,2021-02-09T16:43:00.000Z,2021-02-09T16:55:13.653Z,for_rent,,Los Angeles,Los Angeles,90024,34.074008,-118.435844,9950
39,single_family,2021-01-23T22:43:00.000Z,2021-01-31T22:55:13.1Z,for_rent,,Los Angeles,Los Angeles,90068,34.119067,-118.340027,6495
40,single_family,2021-02-06T14:43:00.000Z,2021-02-13T18:55:12.633Z,for_rent,,Los Angeles,Los Angeles,90026,34.088504,-118.258756,4850
41,condo,2021-01-19T14:43:00.000Z,2021-01-23T02:55:13.47Z,for_rent,,Los Angeles,Los Angeles,90025,34.052646,-118.445097,3990
42,single_family,2021-01-22T14:43:00.000Z,2021-02-14T22:55:13.477Z,for_rent,,Inglewood,Los Angeles,90305,33.947717,-118.321324,1795
43,single_family,2020-12-18T16:43:00.000Z,2021-02-12T14:55:14.733Z,for_rent,,Los Angeles,Los Angeles,90046,34.121373,-118.382266,8600
44,single_family,2021-02-09T14:43:00.000Z,2021-02-11T14:55:14.24Z,for_rent,,Los Angeles,Los Angeles,90068,34.10639,-118.335286,1950
45,condo,2020-09-15T08:27:00.000Z,2021-02-02T04:55:15.813Z,for_rent,,Santa Monica,Los Angeles,90403,34.031228,-118.486172,5800
46,condo,2021-01-22T14:43:00.000Z,2021-01-30T22:55:14.057Z,for_rent,,Los Angeles,Los Angeles,90031,34.077838,-118.209264,3000
47,condo,2021-02-12T22:43:00.000Z,2021-02-14T22:55:13.477Z,for_rent,,Oakland,Alameda,94611,37.826203,-122.208505,2406
48,condo,2021-02-09T14:43:00.000Z,2021-02-09T16:55:13.653Z,for_rent,,San Francisco,San Francisco,94114,37.751917,-122.427815,6100
49,condo,2021-01-21T20:43:00.000Z,2021-01-21T22:55:12.38Z,for_rent,,West Hollywood,Los Angeles,90046,34.093897,-118.360532,2800
50,condo,2021-02-13T16:43:00.000Z,2021-02-14T22:55:13.477Z,for_rent,,Encino,Los Angeles,91316,34.167753,-118.521537,2250
51,condo,2021-02-09T14:43:00.000Z,2021-02-09T22:55:12.553Z,for_rent,,Studio City,Los Angeles,91604,34.15078,-118.411533,2695
52,condo,2021-01-21T16:43:00.000Z,2021-01-21T16:55:13.19Z,for_rent,,Los Angeles,Los Angeles,90049,34.043217,-118.469966,5450
53,condo,2020-12-13T14:43:00.000Z,2021-01-18T22:55:13.307Z,for_rent,,Oakland,Alameda,94612,37.812208,-122.26757,3400
54,condo,2021-02-09T16:43:00.000Z,2021-02-09T18:55:12.763Z,for_rent,,Los Angeles,Los Angeles,90293,33.95792,-118.432915,2795
55,single_family,2021-02-03T02:43:00.000Z,2021-02-11T16:55:13.26Z,for_rent,,Los Angeles,Los Angeles,91423,34.143566,-118.430381,4750
56,single_family,2021-02-01T16:43:00.000Z,2021-02-12T20:55:13.44Z,for_rent,,Los Angeles,Los Angeles,90048,34.075525,-118.365076,5199
57,single_family,2021-01-12T10:43:00.000Z,2021-02-12T16:55:13.133Z,for_rent,,Los Angeles,Los Angeles,90041,34.136093,-118.210608,3500
58,condo,2021-02-11T22:43:00.000Z,2021-02-12T00:55:12.503Z,for_rent,,Los Angeles,Los Angeles,90025,34.048179,-118.459434,3295
59,condo,2021-02-09T16:43:00.000Z,2021-02-09T16:55:13.653Z,for_rent,,San Jose,Santa Clara,95123,37.242163,-121.867023,2650
60,condo,2021-01-25T22:43:00.000Z,2021-02-08T22:55:13.683Z,for_rent,,West Hollywood,Los Angeles,90046,34.096198,-118.368477,5550
61,condo,2020-12-17T02:43:00.000Z,2021-01-31T22:55:13.1Z,for_rent,,Los Angeles,Los Angeles,90038,34.09238,-118.342447,3250
62,condo,2021-01-26T14:43:00.000Z,2021-02-12T22:55:13.087Z,for_rent,,Inglewood,Los Angeles,90305,33.958077,-118.333101,3000
63,single_family,2021-01-25T22:43:00.000Z,2021-02-11T20:55:13.55Z,for_rent,,Los Angeles,Los Angeles,90018,34.029393,-118.318935,3200
64,condo,2021-02-09T16:43:00.000Z,2021-02-09T16:55:13.653Z,for_rent,,Los Angeles,Los Angeles,90025,34.048989,-118.443802,4000
65,single_family,2021-02-08T22:43:00.000Z,2021-02-09T02:55:14.16Z,for_rent,,Van Nuys,Los Angeles,91401,34.178225,-118.436419,5200
66,condo,2021-01-30T10:43:00.000Z,2021-01-30T12:55:15.02Z,for_rent,,Culver City,Los Angeles,90230,33.997152,-118.394914,2850
67,condo,2021-01-25T14:43:00.000Z,2021-01-25T16:55:12.85Z,for_rent,,Los Angeles,Los Angeles,90026,34.082056,-118.281618,3750
68,condo,2021-02-03T20:43:00.000Z,2021-02-10T20:55:13.45Z,for_rent,,Los Angeles,Los Angeles,90068,34.118243,-118.336285,2350
69,condo,2021-01-30T16:43:00.000Z,2021-02-01T02:55:14.023Z,for_rent,,Venice,Los Angeles,90291,33.996064,-118.480732,4000
70,condo,2021-01-30T14:43:00.000Z,2021-01-30T16:55:12.623Z,for_rent,,Los Angeles,Los Angeles,90025,34.044253,-118.456043,2550
71,condo,2021-02-08T22:43:00.000Z,2021-02-14T22:55:13.477Z,for_rent,,Pasadena,Los Angeles,91101,34.139968,-118.140054,3800
72,condo,2021-02-09T20:43:00.000Z,2021-02-13T04:55:17.293Z,for_rent,,Los Angeles,Los Angeles,90034,34.027811,-118.397814,1900
73,condo,2021-02-10T16:43:00.000Z,2021-02-10T16:55:12.893Z,for_rent,,Los Angeles,Los Angeles,90024,34.053341,-118.443269,1999
74,condo,2020-12-09T16:43:00.000Z,2021-02-02T22:55:13.933Z,for_rent,,Los Angeles,Los Angeles,90018,34.030684,-118.315373,1695
75,condo,2020-08-31T15:45:00.000Z,2021-01-31T22:55:13.1Z,for_rent,,Los Angeles,Los Angeles,90019,34.049985,-118.356816,3350
76,condo,2020-08-31T15:45:00.000Z,2021-02-14T22:55:13.477Z,for_rent,,Santa Monica,Los Angeles,90402,34.027057,-118.514271,3850
77,condo,2021-01-20T20:43:00.000Z,2021-02-14T22:55:13.477Z,for_rent,,Santa Monica,Los Angeles,90403,34.023554,-118.501127,4575
78,condo,2021-02-07T14:43:00.000Z,2021-02-14T22:55:13.477Z,for_rent,,Oakland,Alameda,94610,37.814072,-122.250227,2100
79,single_family,2021-01-06T16:43:00.000Z,2021-02-06T20:55:12.663Z,for_rent,,Woodland Hills,Los Angeles,91364,34.155211,-118.599238,3200
80,condo,2021-02-04T20:43:00.000Z,2021-02-04T20:55:13.66Z,for_rent,,Los Angeles,Los Angeles,90031,34.076882,-118.222045,2350
81,condo,2020-11-22T22:43:00.000Z,2021-01-31T22:55:13.1Z,for_rent,,Oakland,Alameda,94607,37.812675,-122.278824,1295
82,condo,2021-01-18T16:43:00.000Z,2021-01-31T16:55:12.693Z,for_rent,,Los Angeles,Los Angeles,90048,34.073546,-118.37032,4495
83,condo,2021-01-19T14:43:00.000Z,2021-01-19T16:55:12.873Z,for_rent,,Culver City,Los Angeles,90232,34.025789,-118.382517,4500
84,condo,2021-01-30T16:43:00.000Z,2021-02-14T22:55:13.477Z,for_rent,,San Francisco,San Francisco,94117,37.777048,-122.4386,3575
85,condo,2020-10-23T16:43:00.000Z,2021-02-14T14:55:15.747Z,for_rent,,West Hollywood,Los Angeles,90046,34.095001,-118.36548,2850
86,condo,2021-01-24T16:43:00.000Z,2021-02-12T22:55:13.087Z,for_rent,,Santa Monica,Los Angeles,90405,34.008429,-118.486467,2999
87,condo,2021-02-12T20:43:00.000Z,2021-02-12T20:55:13.44Z,for_rent,,Imperial Beach,San Diego,91932,32.58469,-117.10971,2900
88,single_family,2021-02-09T16:43:00.000Z,2021-02-09T18:55:12.763Z,for_rent,,Los Angeles,Los Angeles,90047,33.96756,-118.307559,3300
89,condo,2021-01-20T22:43:00.000Z,2021-01-20T22:55:13.61Z,for_rent,,Beverly Hills,Los Angeles,90212,34.065833,-118.407015,8450
90,condo,2021-02-14T16:43:00.000Z,2021-02-14T16:55:13.243Z,for_rent,,Santa Monica,Los Angeles,90403,34.024769,-118.493336,2495
91,single_family,2021-02-10T16:43:00.000Z,2021-02-10T16:55:12.893Z,for_rent,,Santa Monica,Los Angeles,90404,34.015481,-118.482507,2650
92,condo,2021-01-21T16:43:00.000Z,2021-02-09T02:55:14.16Z,for_rent,,Los Angeles,Los Angeles,90038,34.087367,-118.32577,3495
93,single_family,2021-02-01T10:43:00.000Z,2021-02-07T22:55:13.203Z,for_rent,,Rancho Mirage,Riverside,92270,33.805151,-116.420947,3250
94,condo,2020-11-11T16:43:00.000Z,2021-02-10T16:55:12.893Z,for_rent,,Los Angeles,Los Angeles,90049,34.06378,-118.471016,1999
95,condo,2021-02-08T14:43:00.000Z,2021-02-08T16:55:13.843Z,for_rent,,Santa Monica,Los Angeles,90405,34.008298,-118.485253,2800
96,condo,2021-02-05T16:43:00.000Z,2021-02-05T22:55:13.3Z,for_rent,,San Jose,Santa Clara,95126,37.328326,-121.904094,3600
97,condo,2021-02-01T14:43:00.000Z,2021-02-01T14:55:16.89Z,for_rent,,Los Angeles,Los Angeles,90068,34.132985,-118.361892,4300
98,condo,2021-01-24T04:43:00.000Z,2021-01-25T20:55:12.773Z,for_rent,,San Francisco,San Francisco,94110,37.757172,-122.420026,5300
99,condo,2021-02-08T14:43:00.000Z,2021-02-13T02:55:32.303Z,for_rent,,San Francisco,San Francisco,94105,37.789376,-122.390972,5000
100,condo,2021-01-22T20:43:00.000Z,2021-02-08T00:55:13.353Z,for_rent,,Playa Del Rey,Los Angeles,90293,33.957646,-118.432057,2100
101,single_family,2021-02-04T14:43:00.000Z,2021-02-04T14:55:18.387Z,for_rent,,Pasadena,Los Angeles,91107,34.138501,-118.093586,3585
102,condo,2021-02-04T14:43:00.000Z,2021-02-04T14:55:18.387Z,for_rent,,Los Angeles,Los Angeles,90027,34.098998,-118.308385,2299
103,condo,2020-08-31T15:45:00.000Z,2021-01-31T22:55:13.1Z,for_rent,,Manhattan Beach,Los Angeles,90266,33.887069,-118.403518,3695
104,condo,2021-01-27T02:43:00.000Z,2021-02-14T14:55:15.747Z,for_rent,,San Mateo,San Mateo,94403,37.546544,-122.320871,3450
105,condo,2021-01-02T20:43:00.000Z,2021-02-03T20:55:13.343Z,for_rent,,Oakland,Alameda,94607,37.807862,-122.302129,3375
106,single_family,2021-02-04T16:43:00.000Z,2021-02-14T22:55:13.477Z,for_rent,,Redwood City,San Mateo,94063,37.482978,-122.188013,3900
107,condo,2021-01-11T14:43:00.000Z,2021-02-14T16:55:13.243Z,for_rent,,Los Angeles,Los Angeles,90049,34.05191,-118.464535,3475
108,condo,2020-11-21T18:43:00.000Z,2021-02-11T22:55:14.387Z,for_rent,,Los Angeles,Los Angeles,90025,34.053813,-118.427088,3150
109,single_family,2021-02-10T22:43:00.000Z,2021-02-11T00:55:12.267Z,for_rent,,Los Angeles,Los Angeles,90068,34.111445,-118.325687,6300
110,single_family,2021-02-03T20:43:00.000Z,2021-02-14T22:55:13.477Z,for_rent,,Pacific Palisades,Los Angeles,90272,34.042799,-118.550804,6350
111,condo,2021-01-21T22:43:00.000Z,2021-02-14T14:55:15.747Z,for_rent,,Los Angeles,Los Angeles,90034,34.031105,-118.397423,1921
112,single_family,2021-02-01T16:43:00.000Z,2021-02-01T18:55:13.057Z,for_rent,,Simi Valley,Ventura,93063,34.28314,-118.696726,3400
113,condo,2021-01-31T20:43:00.000Z,2021-01-31T22:55:13.1Z,for_rent,,Los Angeles,Los Angeles,91601,34.161668,-118.377836,1795
114,condo,2021-02-05T16:43:00.000Z,2021-02-14T22:55:13.477Z,for_rent,,San Carlos,San Mateo,94070,37.505565,-122.261055,2900
115,single_family,2021-02-09T22:43:00.000Z,2021-02-10T14:55:14.317Z,for_rent,,Los Angeles,Los Angeles,91601,34.164332,-118.358583,1525
116,single_family,2021-01-21T14:43:00.000Z,2021-02-05T22:55:13.3Z,for_rent,,Berkeley,Alameda,94705,37.858979,-122.265549,1950
117,condo,2021-02-05T22:43:00.000Z,2021-02-05T22:55:13.3Z,for_rent,,Norwalk,Los Angeles,90650,33.912306,-118.075401,1875
118,condo,2021-02-13T14:43:00.000Z,2021-02-13T14:55:16.26Z,for_rent,,North Hollywood,Los Angeles,91601,34.15819,-118.375301,2695
119,condo,2021-02-11T22:43:00.000Z,2021-02-11T22:55:14.387Z,for_rent,,San Jose,Santa Clara,95133,37.374057,-121.850437,2400
120,condo,2020-12-15T16:43:00.000Z,2021-01-20T22:55:13.61Z,for_rent,,Santa Monica,Los Angeles,90405,34.007218,-118.482648,3995
121,condo,2021-02-04T22:43:00.000Z,2021-02-04T22:55:13.1Z,for_rent,,Azusa,Los Angeles,91702,34.156109,-117.910711,2700
122,single_family,2021-02-13T14:43:00.000Z,2021-02-13T14:55:16.26Z,for_rent,,Los Angeles,Los Angeles,90034,34.023757,-118.412652,1700
123,single_family,2020-12-15T14:43:00.000Z,2021-01-11T08:55:40.24Z,for_rent,,Truckee,Nevada,96161,39.358529,-120.217499,9500
124,condo,2021-01-19T20:43:00.000Z,2021-01-31T22:55:13.1Z,for_rent,,San Diego,San Diego,92108,32.774782,-117.142475,4300
125,single_family,2020-08-31T15:45:00.000Z,2021-01-25T22:55:12.673Z,for_rent,,Santa Clarita,Los Angeles,91384,34.447531,-118.653095,2595
126,single_family,2020-11-17T16:43:00.000Z,2021-01-31T22:55:13.1Z,for_rent,,San Jose,Santa Clara,95110,37.343475,-121.899448,4500
127,condo,2020-11-17T16:43:00.000Z,2021-01-11T08:55:40.24Z,for_rent,,Richmond,Contra Costa,94804,37.912915,-122.344229,3000
128,single_family,2020-12-19T20:43:00.000Z,2021-01-14T08:55:38.647Z,for_rent,,Alameda,Alameda,94501,37.766736,-122.245898,3500
129,single_family,2020-08-31T15:45:00.000Z,2021-02-11T02:56:05.687Z,for_rent,,Los Angeles,Los Angeles,90291,33.992828,-118.468285,3250
130,condo,2020-12-10T16:43:00.000Z,2021-02-10T20:55:13.45Z,for_rent,,Hayward,Alameda,94544,37.656487,-122.090346,2895
131,condo,2020-11-01T10:43:00.000Z,2021-01-11T08:55:40.24Z,for_rent,,San Ramon,Contra Costa,94582,37.783323,-121.94302,1550
132,condo,2021-01-11T16:43:00.000Z,2021-02-10T14:55:14.317Z,for_rent,,San Diego,San Diego,92110,32.767132,-117.185708,3500
133,single_family,2020-10-04T22:43:00.000Z,2021-01-11T08:55:40.24Z,for_rent,,La Puente,Los Angeles,91744,34.047972,-117.935808,2530
134,single_family,2021-02-01T20:43:00.000Z,2021-02-01T22:55:12.577Z,for_rent,,Clovis,Fresno,93612,36.788798,-119.694765,1600
135,single_family,2020-11-18T22:43:00.000Z,2021-01-28T02:55:13.867Z,for_rent,,Los Angeles,Los Angeles,90001,33.963515,-118.261452,2600
136,single_family,2020-10-25T06:43:00.000Z,2021-01-11T08:55:40.24Z,for_rent,,Desert Hot Springs,Riverside,92240,33.978644,-116.502122,1495
137,single_family,,2021-02-15T04:55:16.953Z,for_rent,,Chatsworth,Los Angeles,91311,34.23932,-118.608506,3450
138,single_family,,2021-02-15T04:55:16.953Z,for_rent,,Los Angeles,Los Angeles,90036,34.079515,-118.350727,5495
139,single_family,,2021-02-15T04:55:16.953Z,for_rent,,La Quinta,Riverside,92253,33.681168,-116.293625,11000
140,single_family,,2021-02-15T04:55:16.953Z,for_rent,,La Jolla,San Diego,92037,32.856733,-117.255191,20000
141,single_family,,2021-02-15T14:30:08.37Z,for_rent,,Riverside,Riverside,92506,33.969584,-117.399895,650
142,condo,,2021-02-15T04:55:16.953Z,for_rent,,Carlsbad,San Diego,92009,33.094183,-117.260177,3500
143,condo,,2021-02-15T04:55:16.953Z,for_rent,,Long Beach,Los Angeles,90813,33.786493,-118.177859,2400
144,single_family,,2021-02-15T12:55:13.917Z,for_rent,,Los Angeles,Los Angeles,90044,33.942843,-118.284603,2725
145,single_family,,2021-02-15T04:55:16.953Z,for_rent,,Sacramento,Sacramento,95831,38.50748,-121.506574,2300
146,condo,2020-03-21T01:04:00.000Z,2021-02-15T14:34:00.000Z,for_rent,2019.0,Los Angeles,Los Angeles,90037,34.007581,-118.300513,3695
147,single_family,,2021-02-15T04:55:16.953Z,for_rent,,Los Angeles,Los Angeles,90008,34.008039,-118.352268,1525
148,single_family,,2021-02-15T04:55:16.953Z,for_rent,,Valencia,Los Angeles,91381,34.415109,-118.582442,3800
149,condo,2020-12-07T05:03:00.000Z,2021-02-15T14:34:00.000Z,for_rent,2010.0,Studio City,Los Angeles,91604,34.150781,-118.412814,4250
150,single_family,,2021-02-15T12:55:13.917Z,for_rent,,Los Angeles,Los Angeles,91364,34.159617,-118.604828,3999
151,single_family,,2021-02-15T04:55:16.953Z,for_rent,,San Francisco,San Francisco,94134,37.710917,-122.41309,3945
152,single_family,,2021-02-15T04:55:16.953Z,for_rent,,Cambria,San Luis Obispo,93428,35.564,-121.10191,6600
153,condo,,2021-02-15T04:55:16.953Z,for_rent,,Pasadena,Los Angeles,91103,34.158274,-118.148594,2800
154,single_family,,2021-02-15T04:55:16.953Z,for_rent,,San Diego,San Diego,92106,32.743593,-117.217915,3095
155,single_family,,2021-02-15T18:30:08.27Z,for_rent,,Buena Park,Orange,90620,33.837815,-118.006826,3100
156,single_family,,2021-02-15T04:55:16.953Z,for_rent,,Huntington Beach,Orange,92646,33.676505,-117.949609,3000
157,single_family,,2021-02-15T04:55:16.953Z,for_rent,,Placentia,Orange,92870,33.87333,-117.82988,3150
158,single_family,,2021-02-15T04:55:16.953Z,for_rent,,San Francisco,San Francisco,94134,37.726355,-122.419136,3900
159,condo,,2021-02-15T04:55:16.953Z,for_rent,,Anaheim,Orange,92801,33.838787,-117.953545,2495
160,condo,,2021-02-15T04:55:16.953Z,for_rent,,Dublin,Alameda,94568,37.704551,-121.899242,3090
161,condo,,2021-02-15T04:55:16.953Z,for_rent,,San Diego,San Diego,92037,32.866126,-117.234359,3300
162,condo,,2021-02-15T12:55:13.917Z,for_rent,,Fairfield,Solano,94533,38.256646,-122.041994,1850
163,single_family,,2021-02-15T04:55:16.953Z,for_rent,,Sunland,Los Angeles,91040,34.25513,-118.30468,3000
164,condo,,2021-02-15T04:55:16.953Z,for_rent,,Sacramento,Sacramento,95833,38.61313,-121.520464,1995
165,single_family,,2021-02-15T04:55:16.953Z,for_rent,,Oakland,Alameda,94601,37.774519,-122.200456,1900
166,condo,,2021-02-15T04:55:16.953Z,for_rent,,Los Angeles,Los Angeles,90272,34.048983,-118.5278,4500
167,single_family,,2021-02-15T04:55:16.953Z,for_rent,,American Canyon,Napa,94503,38.156962,-122.263106,825
168,single_family,,2021-02-15T04:55:16.953Z,for_rent,,Pleasanton,Alameda,94566,37.660382,-121.8776,5100
169,condo,,2021-02-15T04:55:16.953Z,for_rent,,Montclair,San Bernardino,91763,34.071487,-117.698242,2350
170,single_family,,2021-02-15T04:55:16.953Z,for_rent,,San Jose,Santa Clara,95132,37.407593,-121.853646,3880
171,condo,,2021-02-15T04:55:16.953Z,for_rent,,Vista,San Diego,92084,33.210594,-117.236265,2100
172,single_family,,2021-02-15T04:55:16.953Z,for_rent,,Paso Robles,San Luis Obispo,93446,35.628609,-120.680277,2599
173,condo,2021-02-03T13:03:00.000Z,2021-02-15T14:34:00.000Z,for_rent,,Pasadena,Los Angeles,91106,34.138408,-118.12818,4500
174,single_family,,2021-02-15T04:55:16.953Z,for_rent,,San Diego,San Diego,92115,32.75328,-117.071209,3800
175,single_family,,2021-02-15T04:55:16.953Z,for_rent,,Sunnyvale,Santa Clara,94085,37.39137,-122.017719,4300
176,condo,,2021-02-15T04:55:16.953Z,for_rent,,San Francisco,San Francisco,94110,37.750508,-122.407341,4500
177,single_family,,2021-02-15T04:55:16.953Z,for_rent,,San Francisco,San Francisco,94112,37.717051,-122.453257,4400
178,condo,,2021-02-15T04:55:16.953Z,for_rent,,San Jose,Santa Clara,95124,37.282397,-121.913135,2850
179,single_family,,2021-02-15T04:55:16.953Z,for_rent,,Pleasanton,Alameda,94566,37.66021,-121.877707,5100
180,condo,,2021-02-15T04:55:16.953Z,for_rent,,San Jose,Santa Clara,95128,37.315057,-121.947711,2490
181,single_family,,2021-02-15T18:30:08.27Z,for_rent,,San Pablo,Contra Costa,94806,37.972543,-122.351145,2945
182,single_family,,2021-02-15T04:55:16.953Z,for_rent,,Roseville,Placer,95661,38.733654,-121.267166,2495
183,condo,,2021-02-15T04:55:16.953Z,for_rent,,Pasadena,Los Angeles,91107,34.154012,-118.108265,2700
184,single_family,,2021-02-15T18:30:08.27Z,for_rent,,Chula Vista,San Diego,91913,32.636715,-116.979145,3392
185,single_family,,2021-02-15T14:30:08.37Z,for_rent,,Sacramento,Sacramento,95823,38.461808,-121.440181,2199
186,single_family,,2021-02-15T12:55:13.917Z,for_rent,,Antioch,Contra Costa,94531,37.989846,-121.771664,3120
187,single_family,,2021-02-15T12:55:13.917Z,for_rent,,Compton,Los Angeles,90220,33.883535,-118.226208,2145
188,single_family,,2021-02-15T04:55:16.953Z,for_rent,,Martinez,Contra Costa,94553,38.00674,-122.119698,2795
189,condo,,2021-02-15T04:55:16.953Z,for_rent,,San Jose,Santa Clara,95136,37.262314,-121.873654,3650
190,condo,,2021-02-15T04:55:16.953Z,for_rent,,San Jose,Santa Clara,95118,37.259863,-121.878118,3300
191,condo,,2021-02-15T04:55:16.953Z,for_rent,,San Diego,San Diego,92103,32.733599,-117.164244,5500
192,condo,,2021-02-15T04:55:16.953Z,for_rent,,San Francisco,San Francisco,94114,37.75377,-122.426204,3650
193,condo,,2021-02-15T04:55:16.953Z,for_rent,,Los Angeles,Los Angeles,90039,34.111954,-118.260358,3500
194,condo,,2021-02-15T04:55:16.953Z,for_rent,,San Francisco,San Francisco,94110,37.755004,-122.421852,6500
195,condo,,2021-02-15T04:55:16.953Z,for_rent,,Solana Beach,San Diego,92075,32.981099,-117.263569,4595
196,condo,,2021-02-15T04:55:16.953Z,for_rent,,Los Angeles,Los Angeles,90034,34.020479,-118.409082,3100
197,condo,,2021-02-15T04:55:16.953Z,for_rent,,Mission Viejo,Orange,92692,33.579019,-117.649602,2650
198,single_family,,2021-02-15T04:55:16.953Z,for_rent,,Merced,Merced,95348,37.349213,-120.470133,1800
199,condo,,2021-02-15T04:55:16.953Z,for_rent,,Redwood City,San Mateo,94061,37.476462,-122.229977,2999
