state,county,city,city_size,less_than_$50000,$50000_to_$99999,$100000_to_$149999,$150000_to_$199999,$200000_to_$299999,$300000_to_$499999,$500000_to_$999999,$1000000_or_more,white,black,native,asian,pacific,hispanic,race_white,race_black,race_native_american,race_asian,race_pacific_islander,race_some_other_race,race_hispanic,diversity,population_total,diversity_score,median_age,median_household_income,median_personal_income,aggreculture,construction,manufacturing,wholesale,retail,warehousing,utilities,information,finance,real_estate,technical_services,corporate_management,administration,education,health_care,arts_entertainment,accomodation,public_administration,aggreculture_f,construction_f,manufacturing_f,wholesale_f,retail_f,warehousing_f,utilities_f,information_f,finance_f,real_estate_f,technical_services_f,corporate_management_f,administration_f,education_f,health_care_f,arts_entertainment_f,accomodation_f,public_administration_f,1-unit_detached,1-unit_attached,2_units,3_or_4_units,5_to_9_units,10_to_19_units,20_or_more_units,unemployment_rate,0_bedroom,1_bedroom,2_bedrooms,3_bedrooms,4_bedrooms,5_or_more_bedrooms,0_vehicles_available,1_vehicle_available,2_vehicles_available,3_or_more_vehicles_available,under_5_years,5_to_9_years,10_to_14_years,15_to_19_years,20_to_24_years,25_to_29_years,30_to_34_years,35_to_39_years,40_to_44_years,45_to_49_years,50_to_54_years,55_to_59_years,60_to_64_years,65_to_69_years,70_to_74_years,75_to_79_years,80_to_84_years,85_years_and_over
California,Alameda County,Alameda,size_med,.005,.005,.007,.006,.014,.060,.582,.320,FALSE,FALSE,FALSE,TRUE,FALSE,FALSE,.482,.074,.005,.303,.003,.051,.128,TRUE,"78,522.000",53.920,40.600,104756.000,62484.000,59196.000,63000.000,67381.000,57765.000,37992.000,63977.000,123778.000,84931.000,108690.000,75490.000,96664.000,84625.000,51726.000,56909.000,55891.000,37273.000,19954.000,81689.000,null,77679.000,73173.000,54467.000,38942.000,62837.000,122426.000,83942.000,80500.000,76667.000,76667.000,83125.000,51549.000,52632.000,51509.000,44625.000,18073.000,79955.000,.421,.108,.067,.099,.074,.047,.184,.036,.051,.175,.356,.267,.120,.031,.081,.393,.365,.161,.060,.058,.057,.041,.047,.074,.080,.073,.079,.077,.062,.066,.070,.054,.044,.022,.019,.019
California,Alameda County,Berkeley,size_lrg,.011,.007,.007,.005,.011,.060,.415,.483,FALSE,FALSE,FALSE,TRUE,FALSE,FALSE,.575,.072,.006,.221,.005,.043,.119,FALSE,"141,289.000",44.765,31.900,87214.000,47829.000,31964.000,60938.000,74083.000,61591.000,26934.000,54647.000,111625.000,78731.000,90625.000,58879.000,81093.000,147708.000,31706.000,40761.000,54975.000,23324.000,16175.000,78673.000,22361.000,70577.000,53750.000,53836.000,25107.000,51706.000,110375.000,57273.000,71824.000,49583.000,60513.000,73194.000,30147.000,40247.000,50017.000,21347.000,14419.000,76078.000,.425,.042,.083,.107,.096,.092,.152,.051,.083,.224,.349,.207,.100,.037,.181,.437,.288,.093,.040,.037,.040,.106,.142,.103,.075,.059,.058,.053,.047,.050,.050,.050,.041,.022,.014,.013
California,Alameda County,Fremont,size_lrg,.008,.010,.013,.008,.014,.071,.552,.325,FALSE,FALSE,FALSE,TRUE,FALSE,FALSE,.242,.035,.005,.547,.010,.107,.173,TRUE,"356,108.000",78.374,38.200,128082.000,64598.000,52188.000,56743.000,80047.000,60039.000,36994.000,57553.000,97500.000,119607.000,85289.000,57003.000,108898.000,133800.000,44453.000,53734.000,55176.000,21016.000,28750.000,73392.000,22337.000,51364.000,69109.000,55647.000,30994.000,54427.000,85893.000,96296.000,67865.000,61490.000,89112.000,76763.000,39784.000,51630.000,52521.000,16948.000,26031.000,64085.000,.600,.131,.005,.031,.032,.030,.153,.036,.020,.103,.217,.356,.253,.051,.045,.218,.426,.311,.058,.065,.060,.054,.050,.076,.086,.080,.079,.069,.069,.066,.054,.045,.029,.023,.018,.018
California,Alameda County,Hayward,size_lrg,.016,.017,.010,.012,.029,.217,.623,.075,FALSE,TRUE,FALSE,TRUE,TRUE,TRUE,.403,.098,.009,.276,.014,.133,.339,TRUE,"395,777.000",68.318,38.000,86220.000,45927.000,25877.000,51601.000,49369.000,46056.000,30750.000,52727.000,92850.000,72978.000,68121.000,45437.000,77306.000,81143.000,38279.000,49312.000,48607.000,29412.000,25968.000,73952.000,16824.000,51667.000,42366.000,40657.000,28956.000,48696.000,85286.000,63160.000,54403.000,46627.000,49798.000,66875.000,35000.000,47614.000,47230.000,22319.000,23612.000,64870.000,.585,.094,.018,.043,.037,.043,.150,.048,.027,.120,.306,.379,.139,.030,.058,.277,.374,.290,.060,.058,.058,.055,.064,.079,.080,.076,.064,.068,.068,.071,.064,.046,.032,.023,.015,.020
California,Alameda County,Livermore-Pleasanton,size_lrg,.008,.007,.007,.003,.009,.057,.572,.337,FALSE,FALSE,FALSE,TRUE,FALSE,FALSE,.596,.023,.004,.290,.005,.026,.135,FALSE,"236,745.000",44.764,39.800,143304.000,80281.000,54447.000,75649.000,124627.000,65571.000,42620.000,74763.000,120721.000,116053.000,112762.000,80406.000,119726.000,105423.000,50815.000,60839.000,68470.000,31315.000,21828.000,97551.000,53770.000,68899.000,89828.000,50920.000,33900.000,63594.000,115465.000,89432.000,84989.000,75391.000,81885.000,100625.000,43163.000,53933.000,56347.000,15451.000,16821.000,73175.000,.658,.110,.011,.031,.037,.035,.108,.032,.014,.086,.192,.331,.289,.088,.038,.234,.437,.291,.061,.069,.076,.056,.040,.056,.070,.075,.078,.079,.080,.072,.059,.042,.033,.024,.016,.015
California,Alameda County,Oakland,size_lrg,.013,.007,.010,.011,.052,.205,.444,.258,FALSE,TRUE,FALSE,FALSE,FALSE,TRUE,.367,.230,.009,.159,.005,.161,.260,TRUE,"448,313.000",69.186,36.700,76114.000,47038.000,22165.000,37384.000,46241.000,40190.000,28804.000,45553.000,102500.000,85271.000,92872.000,52447.000,88658.000,87667.000,30916.000,49880.000,47984.000,34610.000,24203.000,73068.000,21717.000,54031.000,36461.000,37716.000,25900.000,44201.000,106726.000,72420.000,66611.000,52241.000,66481.000,77023.000,27067.000,46931.000,43779.000,33535.000,19852.000,69160.000,.420,.052,.062,.105,.071,.070,.216,.059,.086,.238,.319,.244,.086,.026,.155,.411,.293,.141,.061,.051,.055,.049,.055,.099,.098,.086,.074,.067,.061,.058,.053,.048,.033,.021,.015,.017
California,El Dorado County,North El Dorado,size_small,.044,.014,.029,.027,.176,.394,.289,.027,TRUE,FALSE,TRUE,FALSE,FALSE,FALSE,.927,.005,.013,.016,.000,.012,.081,FALSE,"33,151.000",12.049,48.500,80197.000,45594.000,29934.000,50661.000,47792.000,63783.000,16625.000,59167.000,106648.000,60329.000,64844.000,41183.000,78580.000,null,14864.000,47358.000,45849.000,40987.000,11813.000,70677.000,22188.000,49596.000,48589.000,50972.000,14648.000,21053.000,89219.000,22260.000,53164.000,51484.000,61804.000,null,26818.000,45748.000,45030.000,10469.000,11920.000,51164.000,.886,.009,.007,.002,.002,.001,.005,.054,.027,.072,.247,.520,.113,.020,.018,.198,.395,.389,.043,.059,.059,.061,.037,.038,.049,.069,.044,.062,.072,.096,.098,.090,.047,.036,.022,.019
California,El Dorado County,Placerville,size_small,.050,.015,.009,.036,.193,.431,.253,.014,TRUE,FALSE,FALSE,FALSE,FALSE,FALSE,.917,.006,.007,.025,.000,.026,.144,FALSE,"16,748.000",18.489,47.900,62050.000,37622.000,73750.000,42431.000,36645.000,67679.000,20694.000,32226.000,55515.000,17061.000,51875.000,21845.000,82750.000,null,39208.000,41843.000,41330.000,45257.000,15924.000,60280.000,null,37596.000,25865.000,null,15795.000,31422.000,null,null,39102.000,null,39542.000,null,37792.000,37340.000,36538.000,45441.000,14139.000,47202.000,.717,.022,.023,.077,.019,.026,.040,.062,.030,.080,.335,.443,.107,.005,.076,.288,.343,.293,.048,.043,.045,.053,.057,.063,.059,.044,.051,.056,.083,.086,.070,.096,.055,.036,.027,.027
California,El Dorado County,South El Dorado,size_lrg,.020,.017,.020,.023,.087,.334,.454,.044,TRUE,FALSE,FALSE,FALSE,FALSE,FALSE,.865,.009,.008,.055,.004,.015,.107,FALSE,"108,499.000",18.627,46.700,97518.000,55655.000,49583.000,60910.000,102993.000,72194.000,25422.000,71467.000,105000.000,75338.000,91181.000,76239.000,103132.000,100625.000,39688.000,52219.000,57827.000,17407.000,11664.000,80025.000,43698.000,41146.000,95083.000,31500.000,24063.000,83910.000,110523.000,39934.000,75430.000,53500.000,53855.000,44327.000,37337.000,49188.000,53434.000,14000.000,11076.000,60929.000,.834,.026,.003,.022,.016,.016,.029,.050,.008,.047,.193,.416,.266,.070,.037,.202,.424,.337,.044,.057,.071,.063,.046,.042,.041,.055,.053,.072,.076,.089,.078,.071,.056,.038,.023,.024
California,El Dorado County,South Lake Tahoe,size_small,.040,.009,.007,.028,.088,.459,.326,.043,TRUE,FALSE,FALSE,FALSE,FALSE,TRUE,.840,.009,.005,.054,.001,.050,.247,FALSE,"30,165.000",30.348,38.800,57715.000,32996.000,27275.000,41050.000,42697.000,12301.000,28266.000,41128.000,65250.000,40391.000,64087.000,41957.000,60760.000,null,31774.000,50543.000,48598.000,32285.000,22471.000,54595.000,14564.000,-2500.000,19958.000,null,28750.000,40568.000,51786.000,null,54022.000,42102.000,38496.000,null,32805.000,47056.000,46611.000,32031.000,20993.000,52581.000,.714,.027,.042,.062,.043,.032,.047,.065,.038,.107,.290,.400,.133,.031,.065,.324,.423,.187,.055,.045,.045,.049,.081,.081,.086,.075,.058,.052,.058,.074,.089,.063,.039,.023,.015,.012
California,Los Angeles County,Agoura Hills-Malibu,size_med,.008,.005,.008,.005,.017,.082,.374,.501,TRUE,FALSE,FALSE,FALSE,FALSE,FALSE,.840,.023,.003,.071,.001,.019,.104,FALSE,"65,601.000",20.829,45.500,129616.000,62654.000,95483.000,76167.000,87117.000,83843.000,26397.000,43359.000,86923.000,105214.000,123619.000,67411.000,88551.000,68385.000,34531.000,51806.000,60688.000,35491.000,21796.000,88109.000,86932.000,38889.000,59471.000,64375.000,18148.000,43594.000,null,84792.000,101151.000,63791.000,62113.000,null,44333.000,44283.000,52342.000,22067.000,20346.000,63065.000,.689,.106,.007,.042,.035,.031,.037,.041,.021,.078,.197,.334,.266,.104,.028,.238,.456,.278,.034,.054,.060,.082,.067,.038,.047,.052,.057,.080,.078,.083,.077,.064,.052,.033,.018,.024
California,Los Angeles County,Compton,size_lrg,.030,.033,.021,.025,.117,.542,.224,.008,FALSE,TRUE,FALSE,FALSE,FALSE,TRUE,.382,.216,.006,.099,.008,.261,.621,TRUE,"348,802.000",76.020,33.600,61936.000,30484.000,19819.000,33919.000,31518.000,28659.000,23762.000,36247.000,76908.000,41725.000,38163.000,34322.000,46968.000,62656.000,22869.000,35478.000,34597.000,16631.000,19192.000,56581.000,17292.000,33397.000,27006.000,30199.000,21760.000,32349.000,71250.000,40638.000,36863.000,38421.000,29038.000,63438.000,18775.000,33122.000,32480.000,15359.000,17028.000,50935.000,.649,.075,.027,.048,.053,.028,.056,.077,.027,.102,.307,.389,.151,.025,.063,.256,.329,.352,.070,.069,.074,.072,.080,.082,.074,.064,.061,.065,.061,.059,.052,.039,.029,.022,.015,.015
California,Los Angeles County,Downey-Norwalk,size_lrg,.029,.016,.006,.007,.050,.401,.463,.026,FALSE,FALSE,FALSE,FALSE,FALSE,TRUE,.415,.070,.004,.167,.005,.304,.620,TRUE,"416,789.000",73.817,35.800,70795.000,35116.000,24563.000,35715.000,41347.000,39059.000,25376.000,41788.000,81851.000,51472.000,45629.000,37338.000,53176.000,50292.000,26405.000,38729.000,38043.000,20738.000,19129.000,56974.000,13036.000,42016.000,37853.000,38071.000,22488.000,32076.000,62422.000,32407.000,39881.000,35521.000,31213.000,51705.000,23443.000,37351.000,37125.000,17094.000,16948.000,50414.000,.618,.054,.015,.031,.042,.056,.150,.056,.039,.137,.295,.357,.145,.027,.046,.249,.372,.333,.063,.061,.073,.070,.073,.079,.068,.069,.067,.068,.064,.061,.055,.045,.030,.022,.015,.016
California,Los Angeles County,East San Gabriel Valley,size_xlrg,.028,.023,.008,.007,.040,.378,.457,.058,FALSE,FALSE,TRUE,TRUE,FALSE,TRUE,.453,.031,.011,.230,.002,.225,.547,TRUE,"951,737.000",69.780,37.500,77767.000,33926.000,29290.000,39152.000,39230.000,37903.000,25221.000,41388.000,90237.000,52618.000,52895.000,37943.000,51079.000,32097.000,26624.000,38000.000,37713.000,23432.000,18251.000,63990.000,20476.000,44544.000,30788.000,32264.000,21189.000,32922.000,79731.000,37040.000,44390.000,32259.000,31073.000,30763.000,20941.000,35466.000,35471.000,19423.000,16187.000,50292.000,.694,.077,.010,.040,.033,.024,.087,.061,.026,.079,.200,.405,.244,.046,.045,.222,.364,.370,.060,.056,.064,.072,.077,.076,.065,.063,.063,.065,.068,.065,.061,.051,.035,.025,.018,.018
California,Los Angeles County,Inglewood,size_lrg,.022,.011,.008,.011,.060,.407,.459,.023,FALSE,TRUE,FALSE,FALSE,FALSE,TRUE,.330,.278,.009,.082,.007,.255,.537,TRUE,"376,933.000",77.971,35.200,55184.000,31170.000,27969.000,33815.000,36666.000,36018.000,22378.000,38339.000,83864.000,47022.000,49672.000,32067.000,50518.000,27083.000,24543.000,36627.000,36813.000,30181.000,21639.000,53477.000,16125.000,49707.000,29685.000,31012.000,19877.000,38497.000,75792.000,42244.000,41643.000,33491.000,29649.000,27381.000,21450.000,34290.000,34442.000,25172.000,18924.000,52367.000,.413,.076,.040,.089,.115,.092,.163,.063,.064,.224,.366,.277,.061,.008,.085,.379,.339,.196,.070,.070,.066,.061,.069,.084,.077,.071,.068,.068,.066,.060,.055,.039,.030,.019,.015,.013
California,Los Angeles County,Long Beach-Lakewood,size_xlrg,.019,.009,.005,.010,.050,.317,.517,.074,FALSE,TRUE,FALSE,FALSE,FALSE,TRUE,.502,.119,.009,.141,.008,.172,.420,TRUE,"574,378.000",63.384,35.400,66780.000,38375.000,30160.000,40806.000,50435.000,50099.000,25824.000,41569.000,88578.000,52492.000,58587.000,41250.000,60286.000,68125.000,25890.000,44299.000,41196.000,26118.000,19933.000,64556.000,19219.000,52147.000,41492.000,44902.000,21885.000,38443.000,80141.000,51772.000,48500.000,36994.000,41141.000,69333.000,25171.000,41855.000,39204.000,23714.000,17304.000,55000.000,.452,.047,.038,.081,.102,.106,.161,.058,.074,.218,.337,.281,.074,.017,.087,.361,.353,.198,.065,.060,.062,.062,.075,.087,.082,.071,.067,.069,.067,.060,.056,.043,.028,.019,.011,.015
California,Los Angeles County,Los Angeles,size_xlrg,.010,.007,.007,.008,.050,.217,.385,.315,FALSE,TRUE,FALSE,FALSE,FALSE,TRUE,.478,.119,.009,.120,.002,.233,.478,TRUE,"2,603,620.000",66.782,35.000,59080.000,33811.000,21772.000,27217.000,29334.000,36532.000,25343.000,32270.000,85771.000,69389.000,64536.000,49507.000,68421.000,64211.000,23989.000,37671.000,37183.000,38359.000,22387.000,53629.000,19420.000,44226.000,24553.000,33005.000,22246.000,29845.000,84316.000,64148.000,46862.000,42301.000,44182.000,50833.000,22527.000,34353.000,33078.000,34113.000,19960.000,46218.000,.313,.063,.041,.078,.106,.109,.286,.065,.129,.274,.329,.187,.059,.021,.144,.420,.306,.131,.058,.055,.055,.060,.079,.100,.093,.077,.068,.067,.062,.055,.050,.039,.029,.021,.015,.018
California,Los Angeles County,Newhall,size_lrg,.017,.020,.014,.013,.051,.303,.542,.039,FALSE,FALSE,FALSE,FALSE,FALSE,TRUE,.696,.041,.009,.120,.001,.071,.329,FALSE,"257,178.000",45.067,36.900,102716.000,51464.000,45750.000,54954.000,66600.000,52806.000,27880.000,56018.000,99719.000,87218.000,79838.000,48827.000,75219.000,95000.000,33966.000,53019.000,54939.000,27500.000,18726.000,93621.000,22438.000,48321.000,49736.000,45239.000,23551.000,39744.000,80078.000,68267.000,58125.000,41304.000,49135.000,94258.000,31964.000,47348.000,51225.000,16866.000,16497.000,71859.000,.620,.093,.006,.042,.066,.035,.094,.052,.017,.070,.232,.339,.254,.088,.033,.226,.428,.313,.065,.069,.073,.073,.064,.067,.063,.067,.068,.078,.078,.070,.055,.040,.025,.021,.012,.013
California,Los Angeles County,North Antelope Valley,size_lrg,.064,.038,.070,.119,.344,.312,.041,.012,FALSE,TRUE,FALSE,FALSE,FALSE,TRUE,.640,.186,.007,.042,.001,.079,.405,TRUE,"191,521.000",52.941,33.800,54505.000,40116.000,30446.000,44302.000,57945.000,45817.000,26837.000,47160.000,67202.000,47089.000,46737.000,37111.000,61104.000,null,32749.000,39249.000,40057.000,17270.000,19169.000,64380.000,16044.000,46250.000,47151.000,45972.000,25530.000,34722.000,60603.000,19402.000,42807.000,36987.000,34231.000,null,31106.000,37271.000,37361.000,11250.000,17415.000,46250.000,.717,.015,.009,.042,.055,.024,.060,.065,.019,.069,.189,.414,.250,.059,.069,.311,.378,.243,.073,.078,.080,.077,.063,.080,.064,.065,.061,.058,.066,.065,.059,.040,.027,.019,.013,.010
California,Los Angeles County,Palos Verdes,size_med,.008,.006,.008,.004,.007,.051,.314,.601,FALSE,FALSE,FALSE,TRUE,FALSE,FALSE,.608,.026,.003,.246,.005,.054,.168,FALSE,"91,888.000",45.225,48.500,117750.000,61574.000,35962.000,48333.000,100784.000,100400.000,30979.000,67413.000,109071.000,106394.000,99643.000,51756.000,87397.000,57639.000,35114.000,62016.000,67551.000,21119.000,22459.000,104055.000,null,46667.000,59138.000,57877.000,22254.000,45433.000,86172.000,102361.000,53220.000,47378.000,62696.000,56776.000,35341.000,52361.000,48841.000,11808.000,20972.000,94444.000,.699,.071,.009,.031,.035,.037,.104,.035,.020,.084,.213,.299,.282,.103,.041,.267,.403,.289,.046,.051,.068,.067,.039,.038,.044,.046,.054,.070,.081,.082,.080,.061,.057,.043,.033,.041
California,Los Angeles County,Pasadena,size_lrg,.008,.003,.004,.003,.007,.090,.482,.404,FALSE,TRUE,FALSE,TRUE,FALSE,TRUE,.524,.088,.004,.210,.002,.123,.275,TRUE,"274,264.000",57.259,40.900,95973.000,53638.000,75375.000,42206.000,64764.000,58418.000,28960.000,57721.000,102105.000,85197.000,82953.000,57438.000,84476.000,103750.000,26271.000,57130.000,56488.000,49938.000,20406.000,76753.000,22212.000,61324.000,56776.000,50441.000,25183.000,60625.000,85769.000,75625.000,60447.000,50391.000,61846.000,83542.000,25339.000,50915.000,45816.000,42206.000,18282.000,62912.000,.589,.044,.025,.049,.057,.075,.160,.042,.050,.164,.304,.306,.132,.045,.066,.323,.408,.202,.059,.054,.055,.054,.050,.076,.069,.067,.072,.074,.071,.069,.062,.051,.041,.029,.022,.024
California,Los Angeles County,San Fernando Valley,size_xlrg,.014,.009,.005,.007,.037,.257,.521,.150,FALSE,FALSE,FALSE,FALSE,FALSE,TRUE,.632,.039,.004,.112,.001,.174,.420,TRUE,"1,861,629.000",54.269,37.900,71543.000,37289.000,27225.000,32120.000,39801.000,43252.000,25274.000,38433.000,90762.000,68157.000,61976.000,46572.000,63164.000,75665.000,26749.000,40819.000,41087.000,35689.000,20901.000,54227.000,20597.000,42148.000,31894.000,38487.000,21896.000,37637.000,77059.000,62021.000,51684.000,43744.000,39510.000,64018.000,22588.000,38106.000,38342.000,30106.000,17990.000,40003.000,.477,.045,.011,.034,.071,.086,.265,.059,.057,.195,.294,.283,.133,.038,.073,.330,.372,.225,.057,.057,.058,.059,.066,.082,.077,.073,.067,.070,.069,.067,.059,.045,.033,.023,.019,.019
California,Los Angeles County,Santa Monica,size_med,.017,.003,.005,.000,.009,.036,.261,.668,TRUE,FALSE,FALSE,FALSE,FALSE,FALSE,.759,.045,.003,.102,.001,.031,.154,FALSE,"91,577.000",30.685,40.100,96570.000,69277.000,49375.000,34653.000,72386.000,65996.000,46523.000,59596.000,112629.000,97679.000,109539.000,77482.000,91983.000,250000.000,44479.000,63436.000,70124.000,60893.000,31058.000,69306.000,48542.000,57917.000,67989.000,65938.000,37619.000,55573.000,83750.000,90500.000,86563.000,75052.000,75000.000,null,40663.000,56855.000,57385.000,50481.000,23500.000,71713.000,.180,.037,.017,.096,.214,.189,.264,.054,.101,.326,.356,.154,.038,.025,.106,.506,.311,.078,.047,.040,.037,.039,.048,.100,.103,.085,.069,.063,.068,.063,.061,.054,.043,.023,.026,.032
California,Los Angeles County,South Antelope Valley,size_lrg,.041,.028,.042,.084,.287,.357,.144,.018,FALSE,TRUE,TRUE,FALSE,FALSE,TRUE,.526,.106,.014,.045,.003,.257,.553,TRUE,"214,148.000",65.027,34.200,66779.000,36409.000,21364.000,45073.000,47303.000,42083.000,24437.000,48109.000,83655.000,63322.000,54293.000,38945.000,53072.000,74167.000,27607.000,35606.000,33967.000,21165.000,20233.000,72551.000,16961.000,34056.000,34294.000,39297.000,19877.000,32168.000,65417.000,37097.000,43241.000,31525.000,31152.000,131111.000,22566.000,32039.000,31910.000,16538.000,17484.000,54964.000,.816,.015,.008,.017,.033,.024,.037,.076,.010,.047,.149,.408,.309,.078,.049,.223,.373,.355,.075,.073,.082,.080,.072,.068,.059,.056,.062,.068,.071,.071,.056,.041,.025,.020,.012,.009
California,Los Angeles County,South Bay Cities,size_lrg,.012,.003,.005,.002,.004,.025,.339,.610,FALSE,FALSE,FALSE,FALSE,FALSE,FALSE,.748,.024,.004,.120,.001,.032,.130,FALSE,"139,193.000",29.367,40.900,123869.000,79579.000,19656.000,62845.000,119306.000,91268.000,47821.000,57210.000,108571.000,106231.000,122054.000,75490.000,104301.000,201681.000,55965.000,65280.000,72871.000,32717.000,25012.000,94245.000,73750.000,44423.000,108242.000,90761.000,43961.000,54343.000,93571.000,87895.000,72273.000,56111.000,81559.000,207563.000,56890.000,59317.000,63019.000,30660.000,22971.000,84167.000,.491,.114,.051,.090,.083,.051,.111,.044,.036,.142,.286,.331,.158,.047,.032,.324,.461,.184,.065,.066,.061,.048,.030,.063,.076,.078,.079,.081,.082,.072,.062,.045,.037,.025,.016,.015
California,Los Angeles County,South Gate-East Los Angeles,size_lrg,.022,.007,.009,.013,.105,.644,.190,.010,FALSE,FALSE,FALSE,FALSE,FALSE,TRUE,.615,.016,.006,.008,.001,.342,.954,TRUE,"499,075.000",68.332,31.200,46492.000,25591.000,20009.000,30397.000,27053.000,26628.000,21263.000,28054.000,61118.000,35984.000,37376.000,26598.000,33512.000,31667.000,23420.000,27371.000,26889.000,20776.000,18520.000,31798.000,17523.000,26989.000,22834.000,21394.000,17796.000,21083.000,53846.000,25393.000,31755.000,23348.000,24129.000,32083.000,17880.000,25919.000,25531.000,17637.000,16448.000,24639.000,.548,.120,.061,.097,.072,.038,.051,.085,.057,.229,.390,.256,.057,.011,.094,.313,.335,.257,.074,.077,.083,.079,.083,.086,.072,.071,.067,.064,.057,.052,.043,.034,.023,.016,.010,.011
California,Los Angeles County,Southwest San Gabriel Valley,size_lrg,.017,.006,.005,.006,.020,.266,.629,.053,FALSE,FALSE,FALSE,TRUE,FALSE,TRUE,.260,.012,.005,.498,.002,.199,.405,TRUE,"321,585.000",81.173,41.100,60912.000,32143.000,20969.000,31960.000,33243.000,33087.000,24677.000,37835.000,77288.000,50473.000,52226.000,37773.000,52895.000,43000.000,26581.000,37549.000,35937.000,26279.000,21203.000,58911.000,20112.000,33796.000,27386.000,31284.000,21565.000,35854.000,74329.000,49688.000,44498.000,32307.000,39876.000,31827.000,26452.000,33244.000,32819.000,23211.000,18770.000,51852.000,.551,.104,.027,.066,.086,.055,.104,.053,.028,.145,.360,.323,.122,.023,.078,.293,.388,.241,.052,.048,.052,.056,.063,.080,.071,.062,.066,.067,.070,.070,.066,.054,.038,.029,.027,.031
California,Los Angeles County,Torrance,size_lrg,.014,.009,.002,.002,.014,.084,.707,.169,FALSE,FALSE,FALSE,TRUE,FALSE,FALSE,.466,.029,.007,.360,.005,.063,.186,TRUE,"145,492.000",58.244,41.900,93492.000,53887.000,56250.000,50684.000,86342.000,60931.000,26671.000,50541.000,90714.000,71994.000,66383.000,63993.000,80470.000,75192.000,44958.000,53985.000,59175.000,31410.000,18895.000,76977.000,null,29766.000,76827.000,50640.000,21565.000,43574.000,101786.000,47263.000,61932.000,56400.000,59127.000,74904.000,40208.000,51604.000,55523.000,31672.000,18095.000,65313.000,.532,.075,.013,.047,.035,.042,.231,.040,.047,.144,.270,.358,.150,.030,.048,.313,.420,.219,.060,.058,.056,.050,.051,.068,.066,.064,.067,.075,.071,.081,.065,.050,.037,.029,.022,.031
California,Los Angeles County,Upper San Gabriel Valley,size_lrg,.028,.013,.007,.004,.021,.238,.483,.206,FALSE,FALSE,FALSE,TRUE,FALSE,TRUE,.409,.019,.006,.352,.006,.170,.444,TRUE,"330,924.000",70.910,39.800,67881.000,33804.000,21154.000,35288.000,33439.000,31217.000,25067.000,39082.000,82867.000,58074.000,55446.000,41994.000,58429.000,63276.000,25985.000,40889.000,37125.000,26737.000,20498.000,60795.000,19038.000,43370.000,26414.000,28724.000,21430.000,37562.000,76935.000,47938.000,50362.000,41875.000,38182.000,49453.000,22317.000,37372.000,33265.000,22242.000,17659.000,51787.000,.628,.084,.026,.042,.050,.049,.094,.055,.031,.130,.307,.354,.138,.040,.061,.276,.387,.276,.055,.058,.068,.061,.062,.072,.063,.064,.069,.074,.069,.068,.060,.052,.035,.029,.020,.021
California,Los Angeles County,Whittier,size_lrg,.024,.011,.004,.005,.038,.431,.450,.038,FALSE,FALSE,FALSE,FALSE,FALSE,TRUE,.495,.013,.009,.074,.001,.373,.710,TRUE,"325,236.000",70.448,37.100,76938.000,38178.000,22951.000,45504.000,42337.000,40708.000,25713.000,43260.000,77625.000,42900.000,50742.000,40395.000,48718.000,46522.000,30599.000,42842.000,40704.000,22963.000,17696.000,65017.000,15208.000,36306.000,33883.000,37549.000,22483.000,37122.000,73125.000,40256.000,46701.000,36741.000,40037.000,53409.000,26559.000,40600.000,39307.000,17399.000,16010.000,48691.000,.734,.042,.011,.026,.037,.034,.098,.048,.051,.098,.219,.439,.159,.034,.052,.232,.370,.346,.058,.057,.067,.071,.077,.077,.065,.066,.067,.065,.063,.063,.057,.046,.033,.026,.018,.022
California,Monterey County,Big Sur,size_small,.000,.000,.000,.000,.000,.114,.406,.480,TRUE,FALSE,FALSE,FALSE,FALSE,TRUE,.917,.015,.000,.007,.008,.047,.364,FALSE,"1,987.000",32.474,41.000,67083.000,30441.000,null,44094.000,null,null,null,null,null,null,null,null,77614.000,null,19821.000,48750.000,60313.000,68654.000,23605.000,null,null,null,null,null,null,null,null,null,null,null,34609.000,null,null,32109.000,43125.000,38571.000,21957.000,null,.692,.067,.009,.064,.039,.000,.007,.074,.175,.181,.359,.219,.044,.023,.000,.332,.413,.254,.046,.059,.048,.041,.079,.061,.096,.062,.070,.040,.060,.074,.091,.051,.059,.036,.020,.005
California,Monterey County,Carmel-by-the-Sea,size_small,.008,.000,.000,.012,.017,.038,.301,.623,TRUE,FALSE,FALSE,FALSE,TRUE,FALSE,.884,.002,.004,.052,.013,.011,.082,FALSE,"15,760.000",15.649,58.400,99828.000,65543.000,62019.000,44934.000,132798.000,141250.000,53832.000,66210.000,null,21830.000,123750.000,48958.000,92611.000,null,46364.000,81023.000,86518.000,77041.000,52573.000,59524.000,null,30417.000,118750.000,null,53325.000,null,null,17147.000,44000.000,17097.000,51063.000,null,105972.000,59808.000,65481.000,76036.000,40655.000,9412.000,.788,.069,.012,.036,.026,.020,.028,.040,.070,.111,.301,.353,.129,.037,.041,.365,.415,.178,.029,.035,.069,.048,.016,.017,.020,.033,.061,.059,.059,.070,.064,.107,.086,.082,.053,.092
California,Monterey County,Carmel Valley,size_small,.030,.008,.000,.000,.046,.014,.444,.458,TRUE,FALSE,FALSE,FALSE,FALSE,FALSE,.896,.008,.003,.007,.000,.060,.154,FALSE,"5,844.000",20.567,54.700,96346.000,52181.000,108286.000,70156.000,28304.000,63466.000,24181.000,49031.000,null,48750.000,250000.000,null,69018.000,null,24006.000,90688.000,105750.000,28750.000,71080.000,null,null,null,null,null,36948.000,null,null,48750.000,96750.000,null,60658.000,null,null,60833.000,82857.000,null,16154.000,null,.821,.068,.005,.016,.037,.004,.004,.058,.045,.064,.302,.400,.177,.012,.031,.171,.453,.344,.037,.046,.074,.057,.019,.037,.015,.028,.089,.044,.058,.091,.098,.112,.090,.033,.043,.029
California,Monterey County,Castroville,size_small,.076,.019,.015,.020,.056,.295,.485,.033,FALSE,FALSE,FALSE,FALSE,FALSE,TRUE,.516,.011,.008,.043,.009,.385,.638,TRUE,"20,541.000",67.950,31.900,76162.000,31871.000,20613.000,42143.000,35729.000,45732.000,28676.000,31667.000,96908.000,75792.000,53750.000,44438.000,52593.000,null,23906.000,44335.000,39308.000,13583.000,24671.000,67784.000,16777.000,29656.000,25625.000,33711.000,18636.000,26533.000,null,76500.000,51612.000,52625.000,32157.000,null,25313.000,39005.000,37666.000,9875.000,30092.000,65375.000,.666,.069,.014,.029,.039,.023,.013,.072,.016,.060,.258,.487,.170,.009,.006,.188,.375,.431,.075,.076,.090,.061,.090,.077,.056,.041,.062,.070,.052,.060,.059,.042,.038,.021,.013,.017
California,Monterey County,Gonzales,size_small,.030,.013,.007,.028,.171,.545,.186,.020,FALSE,TRUE,FALSE,FALSE,FALSE,TRUE,.451,.119,.009,.029,.006,.362,.706,TRUE,"20,817.000",73.187,36.900,63493.000,30623.000,25798.000,50561.000,35357.000,34815.000,19509.000,26538.000,107625.000,null,null,41005.000,46625.000,null,57989.000,31589.000,30660.000,22963.000,19333.000,50556.000,19623.000,26713.000,20521.000,30288.000,12095.000,null,null,null,null,null,9821.000,null,9167.000,30599.000,31200.000,null,17542.000,51250.000,.663,.016,.010,.033,.113,.069,.012,.020,.061,.053,.301,.304,.252,.030,.025,.233,.288,.454,.048,.052,.051,.051,.069,.083,.113,.079,.087,.107,.084,.071,.052,.019,.010,.007,.008,.008
California,Monterey County,Greenfield,size_small,.019,.014,.029,.060,.353,.496,.023,.007,FALSE,FALSE,FALSE,FALSE,FALSE,TRUE,.459,.011,.001,.008,.000,.509,.907,TRUE,"17,998.000",75.778,28.000,59503.000,25606.000,23277.000,36250.000,30625.000,38686.000,21161.000,53750.000,54474.000,73929.000,16979.000,21348.000,63750.000,null,19500.000,32847.000,27135.000,null,16325.000,50658.000,18034.000,10521.000,28438.000,4643.000,15048.000,null,null,null,20441.000,20882.000,19014.000,null,18389.000,32974.000,30428.000,null,16425.000,44023.000,.731,.035,.037,.030,.048,.060,.038,.038,.054,.085,.173,.387,.257,.044,.050,.226,.369,.355,.110,.114,.081,.075,.065,.099,.078,.067,.065,.042,.038,.053,.049,.031,.016,.010,.003,.006
California,Monterey County,King City,size_small,.077,.043,.059,.030,.375,.332,.072,.012,FALSE,FALSE,FALSE,FALSE,FALSE,TRUE,.473,.008,.005,.014,.000,.475,.810,TRUE,"17,703.000",73.501,30.100,55091.000,25236.000,22818.000,31480.000,26855.000,43750.000,21866.000,36918.000,108229.000,36098.000,16895.000,50625.000,36758.000,null,21528.000,41083.000,42739.000,9500.000,15000.000,59821.000,18591.000,null,60272.000,null,21477.000,null,null,null,25000.000,45500.000,26311.000,null,25610.000,25669.000,25167.000,9375.000,12423.000,58214.000,.655,.048,.016,.052,.081,.020,.009,.031,.076,.073,.196,.446,.194,.015,.055,.204,.434,.307,.090,.097,.075,.092,.073,.071,.072,.071,.080,.059,.056,.048,.039,.037,.016,.011,.006,.009
California,Monterey County,Pajaro,size_small,.017,.013,.014,.009,.023,.273,.553,.098,FALSE,FALSE,TRUE,FALSE,FALSE,TRUE,.607,.007,.034,.019,.003,.297,.692,TRUE,"18,486.000",63.412,34.700,82782.000,31372.000,20814.000,47273.000,46333.000,36591.000,23750.000,35313.000,133125.000,55938.000,100227.000,53839.000,51667.000,null,22964.000,39136.000,34864.000,13704.000,23025.000,92880.000,16404.000,39186.000,48182.000,30238.000,18333.000,null,null,56563.000,52135.000,21563.000,36696.000,null,30625.000,33432.000,32955.000,12250.000,24167.000,60781.000,.772,.046,.022,.021,.012,.005,.016,.088,.040,.058,.200,.454,.209,.040,.020,.153,.342,.485,.068,.067,.094,.064,.080,.066,.066,.071,.055,.079,.056,.068,.066,.036,.030,.012,.009,.012
California,Monterey County,Salinas,size_lrg,.040,.022,.017,.018,.116,.491,.283,.013,FALSE,FALSE,FALSE,FALSE,FALSE,TRUE,.379,.014,.007,.052,.001,.510,.779,TRUE,"169,294.000",78.243,31.100,62433.000,29440.000,22296.000,39279.000,34462.000,36132.000,23985.000,38522.000,73594.000,52625.000,43333.000,35609.000,45135.000,null,30253.000,35753.000,32158.000,27596.000,19725.000,52147.000,19567.000,28750.000,30858.000,27716.000,21084.000,30098.000,37386.000,41833.000,37621.000,46071.000,31535.000,null,30735.000,34274.000,32253.000,29471.000,16749.000,44276.000,.580,.060,.020,.060,.087,.077,.074,.050,.030,.130,.284,.373,.158,.025,.048,.261,.365,.326,.082,.083,.089,.079,.072,.076,.078,.079,.061,.057,.055,.050,.044,.037,.022,.013,.010,.013
California,Monterey County,San Ardo,size_small,.076,.031,.041,.048,.158,.386,.214,.045,TRUE,FALSE,FALSE,FALSE,FALSE,TRUE,.784,.038,.002,.035,.000,.086,.285,FALSE,"4,462.000",36.260,29.300,55764.000,33674.000,35074.000,52446.000,62500.000,12250.000,21042.000,53438.000,null,6342.000,34018.000,null,33750.000,null,33594.000,46071.000,40625.000,2500.000,21250.000,54792.000,37500.000,50625.000,42250.000,null,14750.000,null,null,null,33036.000,null,12321.000,null,11786.000,41250.000,22431.000,null,16250.000,50859.000,.613,.012,.020,.010,.010,.004,.000,.108,.038,.111,.311,.409,.122,.008,.003,.243,.399,.356,.041,.057,.047,.095,.152,.123,.037,.060,.024,.060,.054,.056,.045,.049,.040,.035,.018,.007
California,Monterey County,Seaside-Monterey,size_lrg,.019,.011,.007,.007,.030,.204,.526,.195,FALSE,FALSE,FALSE,FALSE,TRUE,TRUE,.691,.049,.005,.102,.011,.070,.261,FALSE,"112,476.000",41.884,37.900,76826.000,39708.000,27318.000,39338.000,43043.000,50109.000,24239.000,47415.000,115278.000,53971.000,53167.000,54324.000,63582.000,null,32509.000,54044.000,51484.000,31635.000,23642.000,74170.000,13261.000,38958.000,38819.000,48468.000,21841.000,32837.000,50446.000,30341.000,47054.000,53125.000,47664.000,null,30365.000,50798.000,45709.000,30508.000,21619.000,70322.000,.549,.077,.055,.085,.081,.053,.079,.046,.092,.129,.292,.361,.103,.023,.060,.365,.373,.202,.063,.060,.051,.063,.076,.078,.073,.060,.059,.054,.059,.067,.062,.057,.040,.028,.023,.027
California,Monterey County,Soledad,size_small,.061,.043,.008,.021,.143,.651,.049,.024,FALSE,FALSE,FALSE,FALSE,FALSE,TRUE,.450,.001,.008,.008,.000,.493,.868,TRUE,"18,312.000",75.383,29.000,61996.000,31060.000,24422.000,40136.000,36230.000,32292.000,20268.000,60363.000,53684.000,50000.000,32279.000,42952.000,52864.000,null,31096.000,38443.000,36500.000,null,15556.000,49969.000,19262.000,null,26673.000,13958.000,18702.000,null,null,null,26250.000,null,49097.000,null,null,31192.000,30458.000,null,19615.000,40919.000,.747,.032,.005,.033,.068,.031,.016,.029,.031,.046,.161,.427,.291,.043,.047,.198,.339,.417,.096,.082,.114,.087,.081,.045,.070,.070,.070,.072,.059,.044,.026,.026,.021,.015,.016,.006
California,Monterey County,Toro Park,size_small,.009,.007,.003,.009,.021,.037,.708,.207,TRUE,FALSE,FALSE,FALSE,FALSE,FALSE,.877,.000,.000,.055,.006,.036,.172,FALSE,"9,730.000",23.473,50.000,145401.000,68953.000,51944.000,67935.000,110682.000,51058.000,41172.000,78125.000,78304.000,61250.000,139844.000,81450.000,70089.000,null,44850.000,75550.000,91182.000,6125.000,28150.000,108906.000,52708.000,null,null,31000.000,26106.000,null,null,null,86354.000,86354.000,62917.000,null,null,60365.000,64444.000,5250.000,22218.000,111827.000,.953,.020,.015,.002,.000,.000,.000,.033,.002,.034,.126,.436,.307,.095,.004,.137,.435,.423,.044,.058,.050,.068,.040,.021,.041,.058,.048,.071,.093,.090,.073,.082,.081,.034,.023,.025
California,Napa County,Angwin,size_small,.010,.015,.000,.011,.043,.088,.513,.320,FALSE,FALSE,FALSE,FALSE,FALSE,TRUE,.709,.055,.004,.108,.003,.081,.213,FALSE,"5,288.000",39.557,36.800,96705.000,37808.000,53542.000,47750.000,35938.000,51250.000,32000.000,215170.000,null,115000.000,151071.000,94643.000,103929.000,null,21473.000,31089.000,52788.000,14081.000,26563.000,73750.000,null,null,25603.000,null,25625.000,null,null,null,150536.000,250000.000,22455.000,null,null,35972.000,52308.000,10417.000,25104.000,63487.000,.823,.062,.044,.015,.006,.007,.010,.053,.013,.127,.220,.384,.186,.070,.028,.255,.380,.338,.023,.047,.042,.122,.148,.036,.052,.061,.050,.072,.054,.059,.065,.070,.041,.036,.007,.015
California,Napa County,Calistoga,size_small,.035,.098,.045,.043,.010,.109,.445,.215,TRUE,FALSE,TRUE,FALSE,FALSE,TRUE,.876,.000,.015,.024,.003,.069,.339,FALSE,"6,684.000",33.937,44.800,78824.000,43054.000,44828.000,37375.000,83879.000,31968.000,24158.000,102708.000,108929.000,null,46161.000,62679.000,70078.000,null,31792.000,52500.000,64167.000,42375.000,30818.000,92875.000,90078.000,null,163327.000,null,23162.000,null,null,null,4648.000,3945.000,71016.000,null,null,68036.000,62917.000,61771.000,26518.000,51563.000,.647,.052,.031,.032,.016,.043,.022,.048,.034,.120,.369,.311,.138,.029,.064,.381,.287,.268,.062,.039,.038,.045,.036,.075,.075,.061,.073,.067,.059,.049,.092,.065,.044,.057,.023,.038
California,Napa County,Lake Berryessa,size_small,.086,.035,.034,.054,.143,.274,.271,.104,TRUE,FALSE,TRUE,FALSE,FALSE,FALSE,.929,.027,.013,.005,.000,.017,.174,FALSE,"1,737.000",20.258,47.800,66600.000,44258.000,27750.000,52500.000,41953.000,51458.000,55446.000,43542.000,42708.000,null,null,null,14583.000,null,null,50417.000,58750.000,27321.000,15288.000,81389.000,32813.000,6964.000,46250.000,69000.000,27143.000,null,null,null,null,null,11786.000,null,null,48807.000,59500.000,null,17321.000,80069.000,.892,.000,.007,.007,.000,.000,.000,.064,.006,.029,.306,.579,.075,.006,.025,.267,.356,.353,.035,.041,.085,.056,.038,.037,.065,.046,.062,.058,.094,.107,.075,.079,.075,.028,.006,.012
California,Napa County,Napa,size_lrg,.023,.028,.018,.014,.029,.207,.539,.143,FALSE,FALSE,FALSE,FALSE,FALSE,TRUE,.717,.021,.009,.089,.002,.120,.351,FALSE,"117,967.000",45.225,40.600,89062.000,42631.000,31178.000,46955.000,49902.000,51829.000,29679.000,53475.000,72386.000,67171.000,71250.000,44668.000,79297.000,39301.000,34088.000,49222.000,51283.000,30918.000,24699.000,80057.000,25078.000,52083.000,46144.000,43798.000,24060.000,45625.000,67955.000,63558.000,50986.000,44145.000,40520.000,null,22478.000,45539.000,46443.000,24722.000,20937.000,65286.000,.668,.065,.024,.043,.035,.021,.085,.044,.027,.097,.276,.376,.179,.046,.049,.275,.369,.307,.052,.055,.071,.064,.061,.062,.063,.065,.064,.067,.066,.071,.062,.057,.043,.031,.023,.023
California,Napa County,St. Helena,size_small,.018,.015,.003,.003,.030,.068,.252,.609,TRUE,FALSE,FALSE,FALSE,FALSE,TRUE,.843,.012,.001,.017,.000,.117,.303,FALSE,"7,947.000",34.803,51.400,92338.000,49901.000,46532.000,41136.000,80489.000,79167.000,47386.000,53289.000,null,63750.000,121875.000,135875.000,104688.000,null,31283.000,50387.000,62727.000,25605.000,27176.000,34219.000,78750.000,null,75125.000,61932.000,43333.000,null,null,63875.000,77986.000,72708.000,86250.000,null,31667.000,53750.000,62784.000,49125.000,24125.000,null,.732,.041,.039,.031,.038,.028,.028,.039,.030,.114,.305,.391,.120,.040,.054,.330,.397,.219,.048,.056,.029,.047,.058,.050,.055,.050,.039,.047,.083,.087,.070,.088,.070,.048,.039,.036
California,Riverside County,Blythe,size_small,.083,.167,.240,.245,.164,.061,.036,.005,FALSE,FALSE,FALSE,FALSE,FALSE,TRUE,.441,.074,.005,.022,.001,.366,.565,TRUE,"14,924.000",70.081,34.500,44669.000,34808.000,35500.000,42396.000,43277.000,41667.000,30353.000,43318.000,76420.000,55402.000,23487.000,41607.000,43339.000,null,28026.000,28438.000,25130.000,26625.000,13958.000,60061.000,24375.000,null,43345.000,17679.000,26034.000,36875.000,16731.000,34265.000,37188.000,41250.000,42232.000,null,27778.000,27424.000,21071.000,11250.000,14125.000,46912.000,.618,.018,.035,.072,.078,.032,.029,.080,.066,.116,.284,.382,.143,.008,.075,.395,.316,.214,.097,.084,.079,.064,.064,.062,.056,.059,.052,.068,.045,.057,.075,.045,.036,.030,.016,.011
California,Riverside County,Cathedral City-Palm Desert,size_lrg,.041,.036,.030,.055,.224,.322,.224,.068,TRUE,FALSE,FALSE,FALSE,FALSE,TRUE,.797,.026,.006,.049,.002,.090,.363,FALSE,"156,251.000",40.210,50.300,60017.000,32704.000,37917.000,37860.000,50163.000,53109.000,25330.000,42938.000,64695.000,48313.000,52610.000,42096.000,48368.000,61071.000,25526.000,45862.000,45727.000,26288.000,24981.000,61719.000,39340.000,37500.000,30938.000,41250.000,22170.000,35855.000,73173.000,40948.000,38239.000,34331.000,26670.000,null,21844.000,42428.000,41070.000,26894.000,22738.000,47917.000,.526,.151,.046,.075,.049,.037,.053,.063,.033,.088,.328,.412,.124,.014,.047,.425,.372,.156,.044,.045,.051,.050,.050,.055,.052,.046,.050,.053,.060,.069,.075,.079,.075,.067,.041,.039
California,Riverside County,Chuckwalla Valley,size_small,.303,.120,.137,.148,.206,.068,.018,.000,FALSE,TRUE,TRUE,FALSE,FALSE,TRUE,.631,.153,.011,.023,.007,.134,.576,TRUE,"7,998.000",58.893,38.400,40685.000,37024.000,58313.000,null,42198.000,51932.000,17788.000,50000.000,null,null,null,null,41467.000,null,null,20250.000,8571.000,29500.000,9479.000,69500.000,null,null,null,null,27989.000,null,null,null,null,null,null,null,null,23750.000,8631.000,null,null,null,.238,.014,.009,.000,.000,.000,.003,.223,.025,.162,.477,.292,.042,.002,.017,.377,.397,.209,.024,.008,.008,.016,.092,.132,.154,.102,.124,.098,.065,.064,.044,.019,.027,.016,.008,.000
California,Riverside County,Coachella Valley,size_lrg,.070,.027,.054,.136,.303,.297,.095,.020,FALSE,FALSE,FALSE,FALSE,FALSE,TRUE,.523,.021,.006,.018,.000,.410,.687,TRUE,"187,476.000",68.589,39.800,47612.000,27953.000,15458.000,36382.000,32196.000,44565.000,23492.000,51452.000,72055.000,30250.000,63456.000,41311.000,34688.000,null,24809.000,34632.000,32351.000,26622.000,22378.000,80346.000,12863.000,40288.000,27465.000,25326.000,21822.000,39265.000,30750.000,39808.000,39764.000,37443.000,22786.000,null,22057.000,31565.000,31187.000,25052.000,21637.000,49825.000,.721,.031,.018,.054,.066,.011,.015,.104,.022,.064,.287,.364,.222,.041,.034,.316,.414,.236,.054,.066,.064,.064,.056,.060,.072,.068,.064,.069,.061,.064,.053,.061,.047,.038,.022,.018
California,Riverside County,Corona,size_lrg,.029,.021,.013,.009,.062,.490,.354,.022,FALSE,FALSE,FALSE,FALSE,FALSE,TRUE,.617,.054,.006,.108,.004,.169,.471,TRUE,"189,436.000",56.823,35.100,82449.000,41017.000,27434.000,49433.000,45404.000,47248.000,29506.000,48997.000,88646.000,62061.000,55556.000,45586.000,60791.000,23854.000,27471.000,44032.000,46273.000,16793.000,16580.000,73676.000,18478.000,46643.000,29162.000,44000.000,21951.000,48095.000,77857.000,53194.000,44503.000,42885.000,33351.000,23021.000,25350.000,40578.000,41141.000,16691.000,14129.000,51815.000,.693,.050,.009,.040,.056,.047,.060,.052,.015,.075,.199,.301,.306,.104,.031,.219,.396,.354,.063,.067,.075,.072,.074,.077,.069,.070,.071,.075,.071,.066,.048,.034,.026,.019,.012,.010
California,Riverside County,Desert Hot Springs,size_med,.147,.108,.155,.181,.265,.108,.030,.007,FALSE,FALSE,FALSE,FALSE,FALSE,TRUE,.739,.068,.007,.022,.000,.134,.520,TRUE,"50,829.000",50.403,40.700,37189.000,26259.000,28952.000,31420.000,29464.000,38646.000,22178.000,40519.000,27500.000,28333.000,25972.000,27417.000,38977.000,null,21970.000,33220.000,29589.000,19099.000,22057.000,60179.000,null,31818.000,24167.000,16875.000,20456.000,46995.000,null,21250.000,35143.000,35896.000,20605.000,null,17234.000,33805.000,29880.000,18267.000,15710.000,23155.000,.528,.007,.031,.038,.031,.028,.018,.088,.024,.156,.370,.356,.088,.006,.064,.431,.311,.193,.050,.072,.062,.066,.051,.062,.055,.075,.055,.057,.070,.068,.062,.060,.041,.036,.030,.029
California,Riverside County,Elsinore Valley,size_lrg,.020,.017,.022,.032,.151,.556,.187,.014,FALSE,FALSE,FALSE,FALSE,FALSE,TRUE,.571,.055,.005,.070,.002,.247,.484,TRUE,"128,666.000",60.181,33.900,77632.000,37015.000,18750.000,45223.000,56199.000,40655.000,28263.000,50538.000,79962.000,54591.000,56583.000,45592.000,52626.000,130000.000,27033.000,39136.000,39291.000,30218.000,17055.000,74601.000,18472.000,48319.000,35136.000,25917.000,23929.000,36316.000,50625.000,50806.000,50245.000,46990.000,33381.000,null,26829.000,30732.000,31214.000,19250.000,15675.000,50422.000,.791,.035,.009,.027,.029,.012,.019,.072,.013,.045,.189,.366,.270,.117,.026,.211,.419,.344,.077,.085,.075,.079,.061,.068,.069,.071,.071,.064,.066,.059,.050,.035,.028,.021,.010,.010
California,Riverside County,Hemet-San Jacinto,size_lrg,.181,.080,.086,.109,.330,.175,.029,.010,FALSE,FALSE,TRUE,FALSE,FALSE,TRUE,.738,.069,.019,.028,.003,.099,.479,FALSE,"171,135.000",48.571,36.100,45918.000,30483.000,31657.000,40811.000,36441.000,42750.000,22628.000,33901.000,76287.000,42963.000,43188.000,27750.000,49904.000,null,23357.000,31629.000,31406.000,24507.000,15073.000,46723.000,17661.000,41618.000,29671.000,30694.000,17307.000,24801.000,27083.000,14088.000,35040.000,22000.000,29667.000,null,22643.000,29462.000,30540.000,22697.000,14310.000,37684.000,.588,.038,.016,.034,.022,.029,.048,.109,.021,.091,.389,.286,.158,.055,.075,.355,.334,.235,.070,.076,.080,.074,.065,.066,.056,.058,.058,.056,.057,.054,.059,.052,.042,.030,.023,.024
California,Riverside County,Idyllwild,size_small,.038,.053,.103,.104,.246,.324,.092,.040,TRUE,FALSE,TRUE,FALSE,FALSE,FALSE,.832,.018,.017,.032,.004,.077,.193,FALSE,"11,965.000",29.071,48.900,51012.000,33075.000,53553.000,40536.000,33036.000,136635.000,17117.000,81354.000,91506.000,58587.000,null,44320.000,64803.000,null,23594.000,19954.000,21875.000,39375.000,14003.000,45250.000,7027.000,34976.000,122663.000,null,23828.000,13603.000,null,null,46771.000,46250.000,9097.000,null,8368.000,17317.000,21161.000,15882.000,11250.000,13750.000,.719,.008,.003,.002,.007,.000,.001,.089,.025,.157,.363,.319,.125,.010,.041,.309,.344,.305,.034,.048,.065,.064,.048,.057,.044,.046,.045,.067,.069,.099,.096,.075,.068,.041,.020,.016
California,Riverside County,Jurupa,size_lrg,.049,.019,.017,.011,.101,.429,.368,.005,FALSE,FALSE,FALSE,FALSE,FALSE,TRUE,.492,.052,.006,.121,.001,.274,.595,TRUE,"167,930.000",68.073,32.400,85263.000,35572.000,25692.000,41864.000,39510.000,41113.000,27093.000,39623.000,69210.000,67404.000,62729.000,37039.000,53111.000,34408.000,25460.000,40945.000,42081.000,17438.000,18153.000,79260.000,22708.000,31202.000,32314.000,28052.000,20361.000,36163.000,68344.000,41830.000,43580.000,26868.000,28142.000,57813.000,25361.000,38922.000,40000.000,17300.000,15873.000,57651.000,.819,.037,.006,.009,.020,.024,.029,.072,.022,.043,.146,.291,.310,.189,.028,.158,.371,.442,.079,.079,.082,.078,.077,.072,.069,.076,.070,.064,.061,.054,.046,.033,.024,.015,.011,.010
California,Riverside County,Lake Mathews,size_small,.023,.045,.020,.036,.146,.360,.358,.012,FALSE,TRUE,FALSE,FALSE,FALSE,TRUE,.543,.080,.007,.041,.000,.294,.528,TRUE,"28,265.000",63.630,35.800,87400.000,39426.000,26930.000,49306.000,52431.000,55114.000,33370.000,38090.000,66612.000,32500.000,60000.000,24688.000,60893.000,null,33199.000,45008.000,40385.000,16983.000,10724.000,67500.000,null,61964.000,29010.000,49130.000,31531.000,53468.000,null,16500.000,25625.000,22073.000,31792.000,null,31824.000,43191.000,39038.000,15345.000,9318.000,62313.000,.771,.010,.000,.000,.003,.002,.000,.059,.013,.020,.112,.424,.327,.104,.021,.150,.400,.429,.076,.070,.075,.078,.061,.058,.067,.061,.064,.071,.056,.066,.060,.050,.033,.022,.013,.017
California,Riverside County,Murrieta,size_lrg,.011,.003,.006,.011,.069,.629,.231,.038,FALSE,FALSE,FALSE,FALSE,FALSE,TRUE,.665,.055,.007,.092,.007,.099,.301,FALSE,"330,341.000",45.759,34.700,96093.000,45107.000,32955.000,61537.000,54809.000,61544.000,29140.000,60695.000,90744.000,63500.000,64445.000,52947.000,64635.000,112500.000,33706.000,44738.000,45558.000,29881.000,17185.000,86401.000,32019.000,32493.000,38759.000,46970.000,23657.000,57824.000,76451.000,42308.000,52005.000,46237.000,41198.000,72125.000,32753.000,39512.000,40820.000,22470.000,14987.000,59622.000,.786,.027,.003,.025,.038,.038,.044,.068,.011,.045,.144,.297,.326,.176,.023,.204,.409,.364,.070,.077,.090,.077,.059,.065,.067,.067,.071,.067,.066,.064,.048,.039,.029,.019,.013,.014
California,Riverside County,Norco,size_small,.008,.001,.008,.001,.032,.365,.562,.022,TRUE,FALSE,FALSE,FALSE,FALSE,TRUE,.782,.049,.004,.045,.002,.079,.331,FALSE,"25,458.000",39.474,40.700,104078.000,46957.000,27212.000,64219.000,73056.000,41311.000,30683.000,49536.000,76328.000,85208.000,60938.000,62344.000,70673.000,null,47695.000,43596.000,41743.000,30038.000,14152.000,108442.000,37000.000,16250.000,50703.000,42470.000,30000.000,28565.000,null,77065.000,45000.000,59688.000,53295.000,null,32083.000,40071.000,40455.000,15833.000,13409.000,86563.000,.958,.012,.000,.005,.006,.008,.012,.039,.012,.042,.084,.371,.312,.179,.028,.153,.333,.486,.040,.051,.071,.058,.069,.072,.060,.068,.065,.086,.092,.079,.055,.043,.034,.025,.021,.013
California,Riverside County,Palm Springs,size_small,.065,.060,.051,.058,.127,.285,.266,.087,TRUE,FALSE,FALSE,FALSE,FALSE,TRUE,.821,.045,.008,.048,.002,.048,.277,FALSE,"46,721.000",34.267,55.100,52017.000,35255.000,20114.000,40579.000,38800.000,62500.000,24552.000,36136.000,52917.000,53523.000,72833.000,53194.000,55915.000,124750.000,18947.000,54217.000,50667.000,32472.000,25316.000,64688.000,6815.000,22000.000,29464.000,24107.000,22113.000,39833.000,101250.000,36429.000,43986.000,31316.000,27941.000,null,15000.000,47756.000,44098.000,32500.000,22987.000,84531.000,.379,.228,.016,.059,.087,.071,.091,.088,.043,.181,.406,.280,.079,.010,.073,.517,.313,.097,.034,.032,.038,.034,.043,.043,.039,.038,.050,.060,.086,.095,.093,.094,.084,.057,.041,.038
California,Riverside County,Perris Valley,size_lrg,.029,.027,.030,.065,.264,.528,.049,.009,FALSE,TRUE,FALSE,FALSE,FALSE,TRUE,.479,.101,.005,.051,.004,.322,.551,TRUE,"305,694.000",68.341,32.700,68584.000,34199.000,32107.000,44778.000,38654.000,38744.000,26033.000,37606.000,63599.000,49604.000,52532.000,41601.000,48652.000,38409.000,25797.000,35925.000,35202.000,30047.000,17139.000,55125.000,25690.000,32627.000,27063.000,25187.000,21772.000,30012.000,62705.000,33190.000,39303.000,27436.000,30604.000,null,21184.000,33317.000,33592.000,24107.000,15819.000,46623.000,.788,.020,.003,.015,.024,.013,.017,.075,.012,.028,.214,.383,.267,.097,.028,.240,.376,.357,.074,.077,.081,.080,.074,.075,.070,.064,.063,.063,.059,.055,.046,.039,.027,.024,.016,.013
California,Riverside County,Riverside,size_lrg,.026,.015,.020,.042,.231,.517,.134,.015,FALSE,TRUE,FALSE,FALSE,FALSE,TRUE,.523,.088,.007,.067,.003,.271,.557,TRUE,"487,233.000",65.501,31.500,66771.000,31801.000,25444.000,41019.000,36407.000,41095.000,25297.000,32207.000,59286.000,39709.000,45135.000,36769.000,45719.000,27474.000,25250.000,35635.000,35779.000,17217.000,15444.000,59583.000,19310.000,39071.000,27995.000,32952.000,21047.000,27567.000,53452.000,35482.000,41611.000,36694.000,29750.000,27168.000,22065.000,33161.000,33696.000,11763.000,14862.000,47414.000,.683,.034,.014,.037,.065,.064,.081,.072,.024,.115,.219,.345,.242,.056,.052,.264,.361,.323,.066,.067,.074,.085,.094,.090,.077,.064,.060,.060,.061,.054,.046,.036,.025,.017,.012,.012
California,Riverside County,San Gorgonio Pass,size_lrg,.073,.041,.042,.097,.300,.390,.048,.011,FALSE,FALSE,TRUE,FALSE,FALSE,TRUE,.684,.073,.029,.061,.001,.111,.427,TRUE,"101,117.000",50.649,38.900,61334.000,35582.000,28203.000,44688.000,35707.000,44167.000,22346.000,58844.000,77469.000,50625.000,53724.000,45458.000,47188.000,56033.000,25807.000,43536.000,37002.000,32642.000,20271.000,69022.000,26736.000,30786.000,28380.000,40655.000,19627.000,32724.000,57232.000,32656.000,46607.000,23553.000,26504.000,49583.000,14176.000,39270.000,33972.000,33116.000,18205.000,50132.000,.751,.035,.011,.019,.020,.011,.019,.071,.009,.069,.357,.304,.199,.062,.051,.311,.374,.264,.065,.068,.076,.064,.056,.067,.056,.060,.060,.053,.054,.059,.057,.057,.052,.040,.026,.030
California,Sacramento County,Elk Grove,size_lrg,.021,.007,.008,.024,.171,.570,.183,.016,FALSE,TRUE,FALSE,TRUE,TRUE,FALSE,.442,.095,.006,.295,.024,.045,.191,TRUE,"118,646.000",59.745,36.800,86534.000,42071.000,30000.000,56726.000,47442.000,40165.000,24617.000,45510.000,84118.000,59545.000,54653.000,39420.000,61213.000,null,28472.000,45362.000,48942.000,27026.000,14655.000,62841.000,44479.000,41971.000,38426.000,34135.000,18677.000,36108.000,78438.000,48106.000,51232.000,35000.000,40187.000,null,22188.000,44974.000,49003.000,25733.000,12284.000,58941.000,.887,.022,.005,.012,.015,.020,.026,.065,.007,.023,.095,.409,.360,.106,.038,.209,.375,.378,.057,.068,.077,.079,.067,.061,.063,.067,.066,.071,.071,.075,.059,.039,.031,.022,.015,.012
California,Sacramento County,Folsom,size_med,.013,.014,.005,.011,.038,.376,.525,.019,FALSE,FALSE,FALSE,FALSE,FALSE,FALSE,.701,.034,.004,.172,.005,.026,.122,FALSE,"78,159.000",34.117,40.700,114405.000,71455.000,54286.000,62271.000,110964.000,62301.000,31092.000,86198.000,117411.000,71857.000,87788.000,58425.000,95838.000,117292.000,47708.000,60887.000,64063.000,17208.000,20107.000,87213.000,11667.000,42792.000,103964.000,87361.000,22356.000,69526.000,93988.000,71917.000,61895.000,39423.000,65000.000,null,50096.000,52558.000,53401.000,19107.000,20203.000,71225.000,.726,.041,.005,.033,.061,.039,.068,.031,.013,.084,.180,.348,.301,.074,.040,.280,.435,.245,.055,.066,.076,.063,.043,.058,.061,.067,.086,.093,.085,.063,.059,.041,.034,.021,.018,.013
California,Sacramento County,Galt,size_small,.032,.019,.010,.034,.173,.459,.245,.027,TRUE,FALSE,FALSE,FALSE,FALSE,TRUE,.787,.018,.010,.058,.003,.068,.375,FALSE,"39,667.000",40.334,38.500,82784.000,40853.000,25033.000,63493.000,40733.000,49844.000,26868.000,72256.000,109500.000,40601.000,54792.000,63971.000,63333.000,null,19375.000,36617.000,36279.000,18864.000,15882.000,78286.000,22758.000,36458.000,42375.000,42857.000,23341.000,61938.000,75417.000,11554.000,52813.000,20284.000,18688.000,null,16346.000,35132.000,31707.000,null,14742.000,70700.000,.841,.031,.007,.010,.021,.011,.011,.058,.012,.065,.125,.473,.261,.063,.037,.203,.356,.404,.054,.065,.085,.064,.056,.062,.070,.055,.057,.070,.077,.076,.062,.050,.037,.027,.018,.015
California,Sacramento County,Isleton,size_small,.131,.044,.037,.101,.161,.207,.219,.100,TRUE,FALSE,FALSE,FALSE,FALSE,TRUE,.773,.034,.006,.037,.002,.107,.378,FALSE,"4,339.000",42.184,41.500,46290.000,26341.000,27250.000,51840.000,29338.000,165625.000,14010.000,32917.000,null,4070.000,9537.000,27262.000,41250.000,null,-2500.000,36458.000,82546.000,21318.000,7365.000,48426.000,11466.000,null,3125.000,null,13438.000,null,null,null,26607.000,27202.000,18750.000,null,null,35417.000,63000.000,21115.000,6959.000,48657.000,.601,.030,.049,.047,.026,.000,.016,.071,.046,.148,.350,.321,.124,.011,.043,.217,.461,.279,.037,.071,.057,.090,.031,.073,.056,.065,.043,.044,.076,.063,.073,.080,.066,.026,.020,.030
California,Sacramento County,Rancho Cordova,size_lrg,.053,.016,.025,.060,.293,.447,.099,.007,FALSE,TRUE,FALSE,FALSE,FALSE,TRUE,.600,.096,.008,.134,.007,.070,.204,FALSE,"119,627.000",46.381,35.700,70390.000,39354.000,30174.000,41980.000,54474.000,39668.000,23880.000,40680.000,80781.000,39792.000,56710.000,36750.000,61080.000,90000.000,25813.000,41978.000,43071.000,21705.000,16658.000,61798.000,null,25664.000,47051.000,31107.000,20293.000,31887.000,58333.000,23261.000,48779.000,32333.000,34418.000,117969.000,21960.000,37465.000,38376.000,19919.000,15191.000,55868.000,.638,.077,.015,.058,.046,.036,.096,.068,.015,.089,.240,.401,.218,.037,.063,.327,.401,.209,.065,.071,.060,.055,.068,.087,.086,.071,.062,.063,.063,.060,.056,.044,.033,.025,.017,.015
California,Sacramento County,Sacramento,size_xlrg,.029,.020,.033,.067,.247,.425,.160,.019,FALSE,TRUE,FALSE,FALSE,TRUE,TRUE,.566,.107,.007,.149,.011,.087,.241,TRUE,"1,157,116.000",51.541,35.700,62956.000,38481.000,27157.000,42172.000,42773.000,43394.000,26237.000,43029.000,85047.000,53349.000,53039.000,40612.000,58409.000,60895.000,28163.000,41265.000,40969.000,25746.000,17257.000,63270.000,17765.000,45944.000,33941.000,33577.000,23159.000,40588.000,81856.000,47222.000,46262.000,38925.000,36915.000,58375.000,25335.000,39421.000,38992.000,22322.000,16160.000,57595.000,.622,.069,.018,.055,.070,.054,.091,.068,.026,.125,.273,.368,.174,.034,.072,.353,.371,.204,.067,.067,.065,.061,.066,.084,.078,.070,.061,.060,.061,.062,.058,.049,.033,.022,.016,.019
California,Sacramento County,Sloughhouse,size_small,.031,.000,.007,.038,.048,.394,.433,.048,TRUE,FALSE,TRUE,FALSE,FALSE,FALSE,.797,.051,.020,.037,.000,.036,.125,FALSE,"6,999.000",25.235,50.900,104901.000,66453.000,62500.000,55804.000,85625.000,69917.000,32105.000,71328.000,82589.000,null,94500.000,58750.000,61667.000,null,42273.000,83750.000,114943.000,32222.000,38250.000,72574.000,null,35000.000,null,null,30504.000,null,null,null,92667.000,38750.000,61750.000,null,null,82574.000,113295.000,null,12554.000,49282.000,.817,.092,.000,.000,.000,.006,.004,.034,.000,.013,.179,.522,.246,.040,.005,.272,.502,.221,.038,.033,.057,.058,.036,.033,.029,.046,.056,.100,.060,.068,.085,.107,.075,.046,.040,.034
California,San Diego County,Alpine,size_small,.032,.020,.040,.027,.033,.157,.635,.057,TRUE,FALSE,FALSE,FALSE,FALSE,FALSE,.898,.017,.006,.026,.001,.010,.118,FALSE,"15,632.000",16.543,41.300,88468.000,43351.000,null,51172.000,52064.000,35625.000,25595.000,75521.000,98833.000,31000.000,83083.000,30625.000,68906.000,null,30759.000,47621.000,43523.000,38675.000,11375.000,99635.000,null,46190.000,53523.000,17404.000,22500.000,89306.000,97583.000,null,46010.000,15577.000,40590.000,null,31635.000,44770.000,42614.000,23618.000,10438.000,49688.000,.709,.038,.008,.030,.074,.042,.039,.053,.017,.082,.218,.391,.246,.046,.032,.249,.380,.339,.070,.055,.066,.051,.051,.066,.057,.069,.058,.067,.075,.067,.070,.068,.037,.049,.017,.007
California,San Diego County,Borrego Springs,size_small,.155,.155,.166,.087,.247,.122,.068,.000,TRUE,FALSE,FALSE,FALSE,FALSE,TRUE,.901,.051,.000,.000,.000,.011,.226,FALSE,"2,706.000",24.222,62.000,45952.000,31250.000,null,24833.000,null,null,null,null,null,null,null,null,null,null,36861.000,30581.000,null,null,27383.000,null,null,null,null,null,null,null,null,null,null,null,null,null,null,30581.000,null,null,20625.000,null,.607,.037,.023,.026,.020,.013,.013,.176,.049,.167,.536,.234,.014,.000,.107,.205,.461,.227,.053,.004,.018,.059,.052,.014,.003,.023,.041,.061,.060,.084,.120,.083,.099,.131,.053,.042
California,San Diego County,Camp Pendleton,size_small,-,-,-,-,-,-,-,-,TRUE,TRUE,TRUE,FALSE,FALSE,TRUE,.755,.092,.017,.021,.004,.068,.286,FALSE,"38,754.000",39.260,21.600,49578.000,24514.000,null,null,11579.000,null,18711.000,90453.000,null,null,36056.000,null,38481.000,null,22928.000,17695.000,23721.000,14973.000,14604.000,31498.000,null,null,null,null,20118.000,null,null,null,36056.000,null,37827.000,null,null,13700.000,22702.000,15260.000,15577.000,37213.000,.172,.642,.053,.087,.039,.000,.006,.080,.016,.017,.244,.520,.183,.019,.000,.266,.628,.105,.121,.073,.029,.129,.381,.128,.073,.031,.017,.006,.005,.003,.001,.000,.002,.000,.000,.000
California,San Diego County,Fallbrook,size_small,.036,.018,.020,.013,.048,.263,.535,.068,TRUE,FALSE,FALSE,FALSE,FALSE,TRUE,.842,.020,.005,.030,.002,.069,.383,FALSE,"49,232.000",37.676,42.500,73014.000,35351.000,24414.000,44360.000,48431.000,51250.000,30340.000,52917.000,92115.000,64861.000,68875.000,32473.000,61434.000,null,29653.000,40490.000,38226.000,22046.000,14440.000,61586.000,22880.000,31339.000,35250.000,25096.000,30102.000,28500.000,63750.000,46389.000,44483.000,21650.000,32220.000,null,13938.000,35472.000,32617.000,22079.000,15428.000,50000.000,.703,.037,.007,.024,.045,.051,.058,.048,.021,.083,.248,.408,.201,.039,.040,.233,.378,.349,.066,.047,.058,.062,.069,.057,.065,.059,.047,.053,.070,.063,.068,.072,.049,.040,.024,.032
California,San Diego County,Jamul,size_small,.020,.004,.000,.004,.038,.139,.655,.141,FALSE,FALSE,FALSE,FALSE,FALSE,TRUE,.748,.067,.005,.117,.010,.025,.316,FALSE,"19,771.000",41.925,41.800,115030.000,60405.000,19327.000,73667.000,64471.000,55000.000,31395.000,78059.000,109286.000,58073.000,83036.000,78333.000,64444.000,null,47796.000,55931.000,75053.000,21250.000,20089.000,103194.000,185221.000,null,42232.000,30217.000,26900.000,64079.000,102888.000,27208.000,67417.000,78601.000,51759.000,null,29479.000,52625.000,63393.000,41250.000,20547.000,93214.000,.913,.013,.001,.005,.006,.000,.012,.044,.016,.042,.120,.310,.354,.158,.013,.121,.405,.460,.035,.059,.057,.074,.062,.062,.063,.065,.064,.072,.081,.077,.072,.061,.040,.026,.018,.012
California,San Diego County,Laguna-Pine Valley,size_small,.023,.046,.022,.012,.110,.474,.308,.004,TRUE,FALSE,TRUE,FALSE,FALSE,TRUE,.840,.025,.056,.006,.000,.039,.218,FALSE,"5,962.000",29.054,39.500,92618.000,38675.000,33594.000,67019.000,53864.000,21971.000,28864.000,59167.000,95556.000,63750.000,80982.000,29271.000,32273.000,null,35122.000,40962.000,31406.000,18821.000,17222.000,42917.000,null,58750.000,null,null,29261.000,31354.000,null,null,32000.000,27917.000,14196.000,null,null,30987.000,26563.000,18868.000,16389.000,63750.000,.893,.000,.000,.000,.000,.000,.017,.047,.039,.124,.265,.428,.133,.011,.028,.147,.347,.479,.056,.074,.050,.075,.084,.046,.065,.058,.044,.039,.050,.098,.080,.095,.034,.027,.013,.013
California,San Diego County,Mountain Empire,size_small,.047,.037,.133,.057,.374,.255,.096,.000,TRUE,FALSE,TRUE,FALSE,FALSE,TRUE,.758,.017,.053,.001,.001,.119,.429,FALSE,"7,998.000",44.993,39.800,45288.000,32450.000,null,34306.000,65500.000,100114.000,19477.000,39226.000,null,null,null,47024.000,34485.000,null,31250.000,26318.000,31600.000,24846.000,16489.000,103667.000,null,null,null,null,20054.000,null,null,null,96023.000,38750.000,33088.000,null,null,24844.000,31575.000,26520.000,16489.000,6500.000,.836,.023,.000,.035,.000,.000,.000,.091,.002,.108,.263,.527,.077,.023,.030,.249,.351,.370,.070,.055,.098,.059,.070,.069,.038,.043,.065,.064,.066,.054,.069,.088,.060,.014,.008,.010
California,San Diego County,Oceanside-Escondido,size_xlrg,.018,.025,.019,.021,.058,.297,.487,.076,TRUE,FALSE,FALSE,FALSE,FALSE,TRUE,.775,.028,.007,.071,.005,.063,.383,FALSE,"670,537.000",41.817,36.900,77538.000,37168.000,25865.000,40265.000,52501.000,47859.000,25769.000,42652.000,95022.000,67405.000,62379.000,50570.000,74110.000,82000.000,26837.000,39699.000,35770.000,26067.000,18398.000,68180.000,20600.000,42361.000,42744.000,40053.000,21339.000,40089.000,83300.000,49024.000,49003.000,43881.000,41784.000,72188.000,25102.000,36333.000,33945.000,25146.000,15936.000,51413.000,.537,.103,.014,.044,.066,.071,.106,.049,.022,.098,.315,.325,.194,.047,.045,.278,.410,.267,.066,.064,.066,.065,.067,.076,.070,.069,.060,.065,.065,.065,.058,.046,.036,.024,.018,.020
California,San Diego County,Palomar-Julian,size_small,.051,.047,.083,.069,.120,.385,.200,.044,TRUE,FALSE,TRUE,FALSE,FALSE,FALSE,.789,.007,.095,.015,.000,.067,.123,FALSE,"5,268.000",28.011,57.100,56250.000,31524.000,22283.000,22095.000,77083.000,48214.000,26568.000,30952.000,12308.000,null,48750.000,21595.000,71154.000,null,31520.000,50568.000,51681.000,29444.000,20201.000,31450.000,null,51000.000,21667.000,null,25896.000,30078.000,null,null,47813.000,null,51932.000,null,null,41856.000,51964.000,31458.000,14688.000,34107.000,.788,.014,.002,.002,.000,.002,.000,.046,.019,.126,.418,.364,.061,.012,.022,.314,.327,.337,.030,.041,.051,.021,.019,.052,.081,.034,.056,.047,.041,.094,.116,.137,.075,.041,.032,.032
California,San Diego County,Pauma Valley,size_small,.074,.016,.040,.024,.061,.251,.482,.052,FALSE,FALSE,TRUE,FALSE,FALSE,TRUE,.622,.033,.194,.047,.003,.045,.243,FALSE,"6,925.000",47.599,37.600,95164.000,39964.000,12500.000,36667.000,52422.000,27083.000,4768.000,75227.000,76273.000,90938.000,88047.000,42569.000,96753.000,null,27083.000,55688.000,73263.000,26556.000,15921.000,55139.000,10000.000,null,88088.000,31250.000,4011.000,null,null,70833.000,14850.000,13700.000,95438.000,null,78203.000,65833.000,73526.000,26223.000,36250.000,55625.000,.836,.001,.000,.000,.001,.000,.000,.091,.029,.063,.115,.431,.252,.110,.015,.182,.391,.413,.097,.055,.096,.072,.030,.050,.067,.055,.052,.055,.060,.100,.064,.048,.029,.022,.029,.020
California,San Diego County,Ramona,size_small,.038,.013,.017,.005,.029,.383,.473,.043,TRUE,FALSE,FALSE,FALSE,FALSE,TRUE,.860,.008,.003,.022,.001,.066,.274,FALSE,"36,920.000",30.308,40.100,97718.000,43920.000,20688.000,46293.000,61810.000,43696.000,22127.000,64427.000,113125.000,95046.000,70735.000,35375.000,71863.000,250000.000,41537.000,43883.000,47367.000,25721.000,16623.000,88529.000,30703.000,51328.000,43203.000,44073.000,21136.000,53889.000,76630.000,61875.000,44770.000,25500.000,55265.000,null,32083.000,38007.000,42304.000,25313.000,12269.000,82596.000,.787,.026,.009,.021,.032,.028,.038,.044,.004,.043,.197,.441,.279,.035,.026,.161,.366,.446,.061,.062,.062,.070,.066,.053,.061,.062,.058,.070,.081,.080,.064,.058,.034,.024,.014,.020
California,San Diego County,San Diego,size_xlrg,.026,.016,.010,.012,.050,.295,.449,.142,FALSE,FALSE,FALSE,FALSE,FALSE,TRUE,.680,.058,.005,.140,.004,.059,.328,FALSE,"2,432,359.000",46.625,35.700,79324.000,41822.000,25942.000,43180.000,65298.000,48098.000,25686.000,42222.000,82905.000,61507.000,63168.000,46686.000,72279.000,87392.000,28285.000,44104.000,43931.000,26485.000,20979.000,66483.000,21503.000,47873.000,50497.000,40532.000,21953.000,42021.000,80747.000,53532.000,49154.000,42265.000,49352.000,74320.000,26997.000,41358.000,41414.000,23701.000,18347.000,53786.000,.484,.100,.017,.050,.082,.071,.170,.063,.041,.155,.303,.287,.167,.046,.060,.315,.396,.229,.061,.058,.059,.061,.076,.090,.082,.071,.066,.063,.062,.060,.056,.045,.032,.022,.017,.018
California,San Diego County,Valley Center,size_small,.041,.028,.025,.023,.035,.178,.608,.063,TRUE,FALSE,TRUE,FALSE,FALSE,TRUE,.815,.007,.047,.045,.001,.026,.276,FALSE,"24,009.000",33.032,42.100,96647.000,40077.000,21109.000,53342.000,72645.000,76500.000,35536.000,63517.000,86328.000,96094.000,85563.000,29229.000,62857.000,null,23877.000,37875.000,31455.000,25811.000,32159.000,56667.000,17717.000,57583.000,40975.000,39563.000,31369.000,64012.000,null,167917.000,41250.000,21758.000,53313.000,null,16010.000,29297.000,30250.000,25076.000,11760.000,7078.000,.811,.017,.000,.002,.004,.016,.010,.039,.015,.045,.186,.408,.266,.082,.021,.186,.358,.435,.079,.049,.059,.065,.063,.055,.062,.054,.056,.053,.065,.095,.062,.057,.055,.036,.019,.019
California,San Francisco County,San Francisco,size_xlrg,.011,.005,.004,.003,.012,.039,.349,.578,FALSE,FALSE,FALSE,TRUE,FALSE,FALSE,.464,.052,.004,.344,.004,.077,.152,TRUE,"874,961.000",57.703,38.200,112449.000,66110.000,41447.000,52918.000,87214.000,75071.000,42978.000,53913.000,101727.000,121208.000,114559.000,74976.000,106891.000,113750.000,40318.000,54615.000,54213.000,35064.000,30473.000,75352.000,42375.000,64353.000,72257.000,75579.000,42592.000,60674.000,96585.000,99456.000,89587.000,68956.000,85334.000,112614.000,38387.000,52569.000,51185.000,31524.000,26999.000,69017.000,.195,.117,.101,.113,.098,.094,.280,.042,.155,.251,.300,.196,.073,.025,.309,.410,.202,.079,.045,.036,.034,.035,.055,.118,.117,.088,.070,.068,.063,.058,.058,.050,.035,.025,.020,.025
California,Santa Barbara County,Carpinteria,size_small,.000,.010,.013,.027,.056,.133,.467,.294,TRUE,FALSE,TRUE,FALSE,FALSE,TRUE,.779,.004,.011,.020,.000,.151,.418,FALSE,"17,691.000",43.673,46.700,80360.000,40430.000,34978.000,42444.000,43125.000,32206.000,36364.000,56833.000,46458.000,60000.000,115685.000,68824.000,74397.000,null,19336.000,47764.000,46598.000,41875.000,22884.000,78977.000,32000.000,41500.000,38314.000,22401.000,30994.000,null,null,43077.000,58233.000,59957.000,39054.000,null,18333.000,44464.000,46847.000,27000.000,20051.000,37417.000,.491,.082,.008,.090,.063,.055,.110,.048,.020,.143,.323,.329,.162,.023,.048,.311,.378,.263,.048,.061,.046,.049,.058,.054,.049,.062,.057,.057,.065,.087,.078,.070,.068,.042,.022,.027
California,Santa Barbara County,Cuyama,size_small,.000,.135,.351,.171,.000,.080,.127,.135,TRUE,FALSE,TRUE,FALSE,FALSE,TRUE,.935,.006,.011,.014,.000,.015,.456,FALSE,"1,050.000",34.934,43.900,53355.000,36071.000,32236.000,42188.000,null,null,null,null,null,null,null,null,null,null,null,27188.000,25833.000,null,null,null,14091.000,null,null,null,null,null,null,null,null,null,null,null,null,35625.000,null,null,null,null,.851,.005,.000,.000,.000,.000,.000,.093,.019,.137,.359,.369,.089,.027,.055,.321,.352,.273,.093,.075,.046,.045,.042,.108,.039,.011,.043,.070,.052,.090,.075,.069,.056,.021,.048,.017
California,Santa Barbara County,Guadalupe,size_small,.035,.017,.017,.162,.405,.357,.007,.000,TRUE,FALSE,TRUE,FALSE,TRUE,TRUE,.763,.007,.020,.039,.011,.150,.904,TRUE,"7,573.000",59.715,28.900,51102.000,26398.000,27597.000,40402.000,24304.000,23125.000,12303.000,39489.000,null,null,33867.000,null,null,null,17554.000,25925.000,27300.000,17031.000,12074.000,40048.000,20000.000,null,23947.000,22933.000,9904.000,null,null,null,36667.000,null,null,null,null,27225.000,30313.000,null,11571.000,47500.000,.727,.050,.049,.114,.019,.025,.014,.041,.005,.036,.293,.508,.150,.009,.059,.282,.314,.345,.085,.085,.087,.078,.105,.071,.066,.057,.057,.049,.045,.062,.044,.036,.022,.015,.022,.015
California,Santa Barbara County,Lompoc,size_med,.045,.011,.039,.023,.244,.496,.116,.025,FALSE,FALSE,TRUE,FALSE,FALSE,TRUE,.676,.048,.019,.038,.004,.145,.483,TRUE,"60,288.000",52.159,33.100,62826.000,32476.000,27872.000,39315.000,37481.000,41250.000,20596.000,42181.000,72276.000,62083.000,36844.000,44743.000,67750.000,null,25119.000,38611.000,36966.000,28091.000,17092.000,55795.000,16373.000,18810.000,24504.000,null,16437.000,33214.000,null,56000.000,40769.000,70234.000,25056.000,null,10652.000,33049.000,31782.000,20217.000,13723.000,52407.000,.620,.086,.022,.078,.083,.030,.042,.089,.023,.105,.244,.412,.191,.026,.063,.279,.375,.282,.075,.077,.074,.060,.086,.080,.076,.056,.069,.054,.060,.059,.054,.039,.024,.024,.017,.016
California,Santa Barbara County,Santa Barbara,size_lrg,.011,.007,.011,.005,.029,.058,.417,.461,TRUE,FALSE,FALSE,FALSE,FALSE,TRUE,.753,.020,.007,.076,.000,.103,.307,FALSE,"192,686.000",40.521,33.700,81793.000,36150.000,31983.000,41571.000,58360.000,52595.000,24586.000,32917.000,81528.000,55524.000,79276.000,51763.000,71031.000,20000.000,25495.000,35849.000,37863.000,21458.000,17644.000,75568.000,25861.000,43173.000,44740.000,63297.000,19550.000,42500.000,64250.000,40161.000,53932.000,48800.000,42020.000,null,18895.000,33175.000,34568.000,17083.000,14279.000,65819.000,.499,.077,.045,.066,.087,.077,.122,.056,.049,.207,.302,.266,.138,.037,.072,.340,.376,.212,.040,.041,.047,.107,.149,.073,.055,.051,.050,.051,.053,.057,.056,.049,.043,.029,.020,.028
California,Santa Barbara County,Santa Maria,size_lrg,.029,.032,.018,.021,.175,.560,.146,.019,TRUE,FALSE,FALSE,FALSE,FALSE,TRUE,.831,.013,.009,.047,.001,.064,.654,FALSE,"143,019.000",48.672,31.100,70101.000,29733.000,23628.000,42288.000,42913.000,29905.000,23404.000,41000.000,115724.000,44483.000,42587.000,36310.000,58703.000,34773.000,26595.000,35728.000,34895.000,26007.000,16358.000,64820.000,20998.000,41972.000,38967.000,24383.000,20792.000,30080.000,76250.000,43367.000,40238.000,31935.000,35942.000,34773.000,26300.000,32460.000,34706.000,20345.000,15473.000,54792.000,.666,.046,.022,.047,.064,.047,.049,.054,.025,.083,.240,.438,.181,.033,.044,.268,.355,.333,.093,.081,.079,.071,.087,.070,.069,.068,.058,.055,.055,.053,.044,.037,.027,.021,.015,.017
California,Santa Barbara County,Solvang-Santa Ynez,size_small,.025,.042,.006,.006,.030,.117,.558,.216,TRUE,FALSE,TRUE,FALSE,FALSE,TRUE,.862,.008,.022,.025,.005,.044,.238,FALSE,"22,522.000",28.405,46.600,90061.000,46922.000,40188.000,71250.000,57357.000,69410.000,31007.000,60000.000,null,96250.000,103646.000,38385.000,86056.000,null,28839.000,54412.000,72887.000,45375.000,21373.000,74841.000,34286.000,66250.000,26042.000,250000.000,30455.000,20781.000,null,65764.000,75781.000,41382.000,49250.000,null,19755.000,50795.000,70962.000,19409.000,22651.000,78403.000,.766,.050,.007,.012,.045,.017,.031,.036,.046,.066,.213,.438,.202,.035,.028,.263,.394,.315,.040,.060,.061,.069,.035,.055,.049,.043,.058,.079,.069,.077,.090,.065,.055,.038,.029,.028
California,Santa Cruz County,San Lorenzo Valley,size_small,.007,.006,.012,.003,.011,.194,.601,.166,TRUE,FALSE,FALSE,FALSE,FALSE,FALSE,.888,.007,.004,.022,.003,.020,.100,FALSE,"23,769.000",14.943,46.500,105467.000,52197.000,73021.000,64677.000,101281.000,59231.000,21671.000,58974.000,56524.000,52212.000,74318.000,80234.000,81228.000,null,20898.000,50536.000,53910.000,20366.000,17138.000,67708.000,53906.000,81641.000,52350.000,54868.000,14091.000,73611.000,56307.000,51307.000,74214.000,73569.000,47924.000,null,14375.000,48852.000,46480.000,4792.000,13516.000,54338.000,.918,.030,.016,.019,.001,.000,.002,.036,.029,.117,.327,.382,.108,.037,.021,.228,.380,.372,.051,.041,.054,.045,.069,.046,.049,.075,.051,.069,.078,.095,.094,.084,.054,.025,.014,.006
California,Santa Cruz County,Santa Cruz,size_lrg,.014,.012,.016,.013,.032,.093,.537,.283,TRUE,FALSE,FALSE,FALSE,FALSE,FALSE,.808,.013,.005,.062,.001,.053,.194,FALSE,"161,742.000",28.873,38.500,86194.000,41556.000,27656.000,53962.000,67198.000,79117.000,22884.000,55927.000,71922.000,95486.000,82527.000,49382.000,83229.000,111042.000,28251.000,42338.000,44930.000,20591.000,16113.000,85048.000,22127.000,43158.000,45634.000,78703.000,20690.000,41654.000,52955.000,80026.000,54911.000,39213.000,50421.000,54205.000,27759.000,39014.000,40000.000,21594.000,12112.000,76402.000,.593,.087,.036,.070,.048,.029,.072,.053,.060,.130,.332,.344,.109,.025,.059,.317,.377,.247,.040,.044,.046,.096,.114,.065,.054,.058,.056,.060,.063,.071,.065,.063,.043,.027,.017,.020
California,Santa Cruz County,Summit Road,size_small,.010,.000,.020,.000,.000,.026,.292,.652,TRUE,FALSE,FALSE,FALSE,FALSE,FALSE,.894,.000,.000,.043,.000,.017,.037,FALSE,"3,578.000",9.788,46.400,143750.000,65526.000,null,85968.000,216170.000,null,22679.000,39904.000,null,134107.000,44634.000,36691.000,158854.000,null,49792.000,31458.000,44000.000,22083.000,21406.000,94036.000,null,null,129375.000,null,15375.000,null,null,163472.000,43902.000,null,64318.000,null,null,27472.000,44000.000,25156.000,20938.000,94010.000,.939,.005,.007,.009,.000,.000,.001,.020,.018,.129,.121,.345,.370,.017,.020,.152,.296,.532,.033,.027,.051,.068,.042,.059,.049,.060,.068,.115,.060,.079,.077,.098,.054,.030,.018,.012
California,Santa Cruz County,Watsonville,size_med,.019,.023,.027,.027,.046,.299,.440,.119,FALSE,FALSE,FALSE,FALSE,FALSE,TRUE,.570,.007,.007,.029,.001,.361,.716,TRUE,"80,189.000",66.292,33.100,63771.000,28248.000,21650.000,40305.000,30723.000,26011.000,20880.000,45250.000,29500.000,49318.000,34943.000,45982.000,64375.000,94265.000,26036.000,33926.000,31613.000,9551.000,18297.000,60530.000,18880.000,54107.000,27088.000,21182.000,15333.000,40726.000,null,16821.000,40119.000,46364.000,29239.000,94265.000,23525.000,31250.000,30678.000,15025.000,11648.000,59205.000,.602,.090,.035,.058,.046,.046,.055,.076,.040,.098,.291,.390,.161,.020,.058,.255,.329,.358,.078,.075,.078,.071,.084,.069,.071,.056,.065,.058,.059,.055,.060,.042,.030,.021,.015,.013
California,Santa Cruz County,West Santa Cruz,size_small,.010,.017,.005,.013,.005,.052,.652,.247,TRUE,FALSE,FALSE,FALSE,FALSE,FALSE,.878,.020,.001,.026,.002,.029,.139,FALSE,"4,684.000",19.817,49.100,100179.000,41885.000,16977.000,44375.000,80114.000,58750.000,22125.000,31964.000,null,54500.000,66250.000,70500.000,44583.000,null,59000.000,47054.000,42857.000,16806.000,14271.000,93750.000,21875.000,null,65909.000,null,21750.000,30714.000,null,null,70813.000,70063.000,31042.000,null,null,43558.000,41250.000,5750.000,11964.000,89375.000,.905,.032,.014,.019,.004,.000,.012,.029,.042,.111,.217,.414,.169,.046,.055,.169,.303,.473,.033,.032,.048,.057,.052,.073,.048,.044,.045,.094,.073,.075,.105,.079,.076,.027,.019,.019
California,Santa Clara County,Diablo Range,size_small,.000,.013,.000,.013,.064,.023,.343,.544,FALSE,FALSE,FALSE,TRUE,FALSE,TRUE,.692,.022,.007,.205,.006,.027,.319,FALSE,"1,538.000",45.853,46.900,109231.000,46932.000,91071.000,93295.000,127813.000,47330.000,null,null,null,43500.000,36181.000,16250.000,102857.000,null,null,39643.000,39226.000,null,null,null,null,null,53333.000,47386.000,null,null,null,null,36250.000,null,128000.000,null,null,39271.000,37917.000,null,null,null,.857,.000,.010,.000,.036,.000,.000,.034,.067,.050,.200,.281,.288,.114,.000,.187,.294,.519,.081,.014,.034,.116,.042,.042,.026,.054,.062,.072,.040,.060,.062,.086,.128,.028,.045,.007
California,Santa Clara County,Lexington Hills,size_small,.026,.000,.000,.007,.000,.018,.430,.519,TRUE,FALSE,FALSE,FALSE,FALSE,FALSE,.908,.001,.000,.040,.000,.011,.044,FALSE,"4,335.000",9.562,45.900,176042.000,76824.000,null,96250.000,107788.000,null,34519.000,99531.000,null,140833.000,130577.000,80577.000,124000.000,null,72625.000,70938.000,83542.000,16176.000,14625.000,76953.000,null,null,60625.000,null,37083.000,null,null,140694.000,80481.000,47125.000,62917.000,null,null,64853.000,64821.000,16176.000,14292.000,null,.969,.019,.004,.008,.000,.000,.000,.046,.009,.119,.189,.328,.298,.058,.025,.121,.362,.492,.039,.056,.080,.065,.032,.037,.071,.050,.052,.078,.126,.100,.069,.053,.038,.037,.010,.009
California,Santa Clara County,Llagas-Uvas,size_small,.041,.000,.000,.005,.007,.026,.444,.477,TRUE,FALSE,FALSE,FALSE,FALSE,FALSE,.794,.013,.003,.111,.000,.012,.167,FALSE,"3,859.000",27.818,51.300,139479.000,77690.000,null,55089.000,117663.000,101786.000,25481.000,105114.000,null,124063.000,201400.000,37639.000,125795.000,null,95469.000,58696.000,41488.000,63472.000,20438.000,149444.000,null,null,9107.000,null,null,null,null,85000.000,16855.000,null,75640.000,null,64330.000,48063.000,31929.000,45329.000,3309.000,null,.929,.000,.000,.000,.000,.000,.000,.026,.026,.066,.027,.393,.350,.138,.000,.183,.386,.431,.069,.045,.040,.063,.010,.048,.014,.065,.065,.063,.105,.079,.075,.100,.080,.028,.028,.023
California,Santa Clara County,San Jose,size_xlrg,.013,.010,.012,.009,.017,.053,.385,.500,FALSE,FALSE,FALSE,TRUE,FALSE,TRUE,.422,.026,.005,.383,.004,.109,.243,TRUE,"1,793,112.000",64.597,37.000,124476.000,61310.000,22266.000,49215.000,101528.000,61529.000,30915.000,45110.000,104094.000,138593.000,84937.000,61458.000,116269.000,123467.000,32365.000,49791.000,49337.000,24908.000,21734.000,74948.000,21159.000,53882.000,76767.000,53051.000,25267.000,48573.000,104076.000,114234.000,65453.000,60897.000,77214.000,101134.000,30881.000,45972.000,46102.000,20407.000,19376.000,63633.000,.506,.109,.017,.055,.050,.056,.180,.043,.045,.141,.251,.309,.203,.051,.053,.279,.406,.262,.061,.060,.063,.059,.063,.082,.082,.075,.071,.071,.067,.062,.054,.042,.031,.023,.017,.018
California,Santa Clara County,South Santa Clara Valley,size_lrg,.010,.013,.014,.008,.022,.087,.602,.244,FALSE,FALSE,FALSE,FALSE,FALSE,TRUE,.750,.017,.005,.107,.001,.065,.466,FALSE,"117,017.000",46.846,37.300,110976.000,47894.000,27729.000,58236.000,75513.000,56359.000,26571.000,64705.000,93194.000,96292.000,71400.000,48708.000,88762.000,151008.000,31728.000,47291.000,44705.000,15625.000,17026.000,88938.000,20920.000,56250.000,61891.000,53909.000,21556.000,75645.000,94167.000,75694.000,46559.000,46652.000,49426.000,54659.000,24430.000,45780.000,44385.000,13992.000,16022.000,63566.000,.670,.105,.017,.040,.050,.028,.038,.048,.015,.062,.194,.332,.307,.090,.033,.193,.384,.390,.062,.072,.087,.067,.062,.056,.064,.067,.071,.069,.072,.067,.057,.046,.034,.024,.011,.013
California,Santa Clara County,West Santa Clara,size_small,.017,.007,.000,.000,.004,.018,.092,.862,FALSE,FALSE,FALSE,TRUE,FALSE,FALSE,.643,.007,.001,.309,.002,.010,.035,FALSE,"7,609.000",36.147,53.600,216429.000,127879.000,null,82292.000,203125.000,150455.000,77135.000,90893.000,null,250000.000,128068.000,72308.000,185156.000,null,31250.000,87167.000,131944.000,16250.000,17083.000,101071.000,null,null,140667.000,null,75729.000,90625.000,null,182604.000,108906.000,71346.000,128162.000,null,30809.000,31875.000,31071.000,4861.000,15833.000,101071.000,.852,.025,.000,.004,.000,.003,.114,.030,.019,.081,.089,.183,.351,.277,.038,.162,.401,.399,.025,.029,.089,.070,.027,.037,.031,.033,.028,.079,.085,.097,.066,.063,.083,.064,.048,.047